father,sire_show_rate,sire_lcb95,sire_show_rate_turf,sire_show_rate_dirt
A. P. Warrior,0.24,0.11491057056434226,0.25,0.25
A.P. Indy,0.2819767441860465,0.25414252667823106,0.28034682080924855,0.2822822822822823
A.P.Indy,0.25,0.05337550047023718,0.25,0.25
Abel Prospect,0.3055555555555556,0.18729874031916338,0.2222222222222222,0.3235294117647059
Acatenango,0.3157894736842105,0.15634363948365287,0.35714285714285715,0.25
Acclamation,0.17647058823529413,0.05314598448266387,0.18181818181818182,0.23076923076923078
Action This Day,0.1320754716981132,0.06492283466368858,0.14285714285714285,0.17857142857142858
Adios Charlie,0.1951219512195122,0.103606055427801,0.16666666666666666,0.2222222222222222
Adlerflug,0.16666666666666666,0.033319217684229845,0.16666666666666666,0.16666666666666666
Admire Don,0.1891891891891892,0.09499448663954843,0.18181818181818182,0.21875
Admire Moon,0.14285714285714285,0.02805337732017585,0.14285714285714285,0.14285714285714285
Admire Vega,0.4411764705882353,0.30490957972873073,0.36666666666666664,0.5
Affirmed,0.29850746268656714,0.2354529910814439,0.24074074074074073,0.32075471698113206
Afleet,0.36929460580912865,0.31887558219727463,0.2549019607843137,0.46715328467153283
Afleet Alex,0.17567567567567569,0.10867697652641192,0.21052631578947367,0.1774193548387097
After Market,0.3103448275862069,0.17907700513471883,0.25,0.32142857142857145
Afternoon Deelites,0.266304347826087,0.21431524370302923,0.25333333333333335,0.27586206896551724
Agnes Tachyon,0.35294117647058826,0.17776585168758843,0.35294117647058826,0.35294117647058826
Agnes World,0.2727272727272727,0.15527756152988345,0.3076923076923077,0.25
Air Force Blue,0.20833333333333334,0.12023002731419564,0.11764705882352941,0.2631578947368421
Akarad,0.18181818181818182,0.03677143788746509,0.2222222222222222,0.2222222222222222
Al Kazeem,0.2222222222222222,0.046389263979611135,0.2222222222222222,0.2222222222222222
Al Nasr,0.21621621621621623,0.11567352066097641,0.23333333333333334,0.21428571428571427
Al Wukair,0.2222222222222222,0.046389263979611135,0.2222222222222222,0.2222222222222222
Aldebaran,0.3977272727272727,0.3136768318445804,0.35714285714285715,0.4358974358974359
Algorithms,0.2222222222222222,0.046389263979611135,0.2222222222222222,0.2222222222222222
Alhaarth,0.11764705882352941,0.022678782722445716,0.15384615384615385,0.18181818181818182
Ali-Royal,0.2222222222222222,0.046389263979611135,0.2222222222222222,0.2222222222222222
Alke,0.2,0.06110292885897761,0.25,0.21428571428571427
Alleged,0.19298245614035087,0.13564013079742082,0.109375,0.3018867924528302
Allen's Prospect,0.2916666666666667,0.1899260744686313,0.18181818181818182,0.3181818181818182
Almanzor,0.21428571428571427,0.06604956721630965,0.23076923076923078,0.25
Aloha Prospector,0.375,0.2216358491323707,0.3,0.38095238095238093
Along All,0.18181818181818182,0.03677143788746509,0.2222222222222222,0.2222222222222222
Alphabet Soup,0.19444444444444445,0.09782836842691164,0.21428571428571427,0.20689655172413793
Always Dreaming,0.375,0.1908646861741716,0.375,0.375
Always Fair,0.25,0.05337550047023718,0.25,0.25
Alwuhush,0.203125,0.1475915739507282,0.1774193548387097,0.2328767123287671
Alydar,0.19148936170212766,0.12899270039258573,0.1724137931034483,0.21739130434782608
Alydeed,0.20388349514563106,0.15950309742092586,0.14563106796116504,0.27102803738317754
Alysheba,0.33884297520661155,0.26986999652605864,0.3389830508474576,0.27450980392156865
Alzao,0.32051282051282054,0.236786395402022,0.34545454545454546,0.26666666666666666
American Chance,0.20967741935483872,0.13091574005226028,0.15384615384615385,0.23214285714285715
American Freedom,0.18181818181818182,0.03677143788746509,0.18181818181818182,0.18181818181818182
American Pharoah,0.3,0.2592617294068459,0.2647058823529412,0.30855018587360594
Anabaa,0.3389830508474576,0.24157611985434646,0.2,0.4146341463414634
Anabaa Blue,0.25,0.05337550047023718,0.25,0.25
Animal Kingdom,0.2786885245901639,0.18926288776254194,0.2916666666666667,0.24390243902439024
Any Given Saturday,0.29577464788732394,0.2346504408576375,0.3064516129032258,0.25675675675675674
Apalachee,0.2857142857142857,0.18574108515005747,0.20689655172413793,0.4
Apollo,0.16666666666666666,0.033319217684229845,0.18181818181818182,0.25
Aptitude,0.18571428571428572,0.11519858675745488,0.3076923076923077,0.07894736842105263
Aragorn,0.3333333333333333,0.19396044933868256,0.25,0.36363636363636365
Arakan,0.18181818181818182,0.03677143788746509,0.18181818181818182,0.18181818181818182
Arazi,0.13333333333333333,0.061091823997187274,0.12,0.2777777777777778
Arcano,0.16666666666666666,0.033319217684229845,0.18181818181818182,0.25
Arch,0.23684210526315788,0.1878507436454761,0.16176470588235295,0.26229508196721313
Archarcharch,0.24444444444444444,0.1736695202126713,0.23684210526315788,0.25862068965517243
Arctic Tern,0.18,0.09930803599413841,0.14285714285714285,0.28
Arena,0.2,0.041023167506996534,0.25,0.2222222222222222
Army Mule,0.3,0.09774681343927576,0.3,0.3
Arrogate,0.39090909090909093,0.31583000726583516,0.29411764705882354,0.4
Artax,0.2727272727272727,0.1696100118584354,0.17647058823529413,0.3235294117647059
Artie Schiller,0.2222222222222222,0.046389263979611135,0.2222222222222222,0.2222222222222222
Ascot Knight,0.16666666666666666,0.04989815455742298,0.16666666666666666,0.23076923076923078
Ashkalani,0.22448979591836735,0.13416189061310138,0.2,0.24390243902439024
Assessor,0.25,0.05337550047023718,0.25,0.25
Astronef,0.23684210526315788,0.1331810996434859,0.2222222222222222,0.26666666666666666
At Talaq,0.2,0.041023167506996534,0.2,0.2
Atticus,0.16666666666666666,0.07049392284132051,0.2,0.18181818181818182
Aussie Rules,0.19402985074626866,0.12062859914584267,0.17777777777777778,0.2413793103448276
Australia,0.0975609756097561,0.03488485387651704,0.10526315789473684,0.2
Authorized,0.29213483146067415,0.21598781076230225,0.3026315789473684,0.14285714285714285
Averti,0.13636363636363635,0.040099536297474425,0.2,0.15789473684210525
Awesome Again,0.311284046692607,0.2647069602998369,0.1320754716981132,0.35545023696682465
Azamour,0.24615384615384617,0.16354063607486663,0.2542372881355932,0.25
Baby Turk,0.25,0.05337550047023718,0.25,0.25
Bahri,0.32,0.21670673363940923,0.35555555555555557,0.16666666666666666
Baillamont,0.375,0.1287563928042427,0.375,0.375
Baldski,0.16666666666666666,0.08297930309237617,0.17142857142857143,0.25
Balleroy,0.25,0.05337550047023718,0.25,0.25
Bandini,0.4166666666666667,0.2582429182362941,0.25,0.47368421052631576
Banker's Gold,0.27586206896551724,0.18467083598176448,0.14285714285714285,0.3137254901960784
Barathea,0.2585034013605442,0.20121244879885689,0.24752475247524752,0.2830188679245283
Bated Breath,0.23529411764705882,0.0902524330304275,0.26666666666666666,0.2222222222222222
Bates Motel,0.1896551724137931,0.11216440191653225,0.07142857142857142,0.3235294117647059
Bayern,0.16666666666666666,0.04989815455742298,0.17647058823529413,0.25
Baynoun,0.25,0.05337550047023718,0.25,0.25
Be My Chief,0.1111111111111111,0.021317626921521112,0.13333333333333333,0.2
Be My Guest,0.27205882352941174,0.21145807661576396,0.3181818181818182,0.2
Beat Hollow,0.13333333333333333,0.025999332600867814,0.15384615384615385,0.2222222222222222
Beau Genius,0.28125,0.1935028593550536,0.3548387096774194,0.23529411764705882
Beckett,0.2,0.06110292885897761,0.21428571428571427,0.25
Belardo,0.26666666666666666,0.10404730759236569,0.2857142857142857,0.25
Belgravia,0.34375,0.21336046293527158,0.36666666666666664,0.2222222222222222
Bellamy Road,0.36666666666666664,0.22934001024044837,0.3333333333333333,0.35714285714285715
Bellotto,0.2,0.041023167506996534,0.2,0.2
Belmez,0.25,0.05337550047023718,0.25,0.25
Belong to Me,0.1853448275862069,0.1450607507737378,0.20353982300884957,0.16666666666666666
Benchmark,0.2894736842105263,0.17652923812244595,0.25,0.2972972972972973
Beneteau,0.2222222222222222,0.046389263979611135,0.25,0.25
Benny the Dip,0.30275229357798167,0.23277578669361007,0.2857142857142857,0.23076923076923078
Bering,0.26582278481012656,0.20990924932662844,0.24752475247524752,0.296875
Bernardini,0.24089635854341737,0.2045583156382567,0.0958904109589041,0.2793103448275862
Bernstein,0.125,0.07031106621878207,0.16666666666666666,0.11904761904761904
Bertolini,0.3023255813953488,0.1937938896569393,0.25,0.3888888888888889
Bertrando,0.3469387755102041,0.2397689553779489,0.2857142857142857,0.37142857142857144
Bet Big,0.4444444444444444,0.19290294999413107,0.375,0.375
Bianconi,0.4,0.2060733359059128,0.25,0.42857142857142855
Big Bad Bob,0.13333333333333333,0.025999332600867814,0.14285714285714285,0.25
Big Brown,0.3181818181818182,0.22774941052349237,0.35,0.3018867924528302
Big Country,0.21428571428571427,0.06604956721630965,0.25,0.23076923076923078
Bigstone,0.3783783783783784,0.28810059044289305,0.40384615384615385,0.32142857142857145
Bin Ajwaad,0.24444444444444444,0.1469819455083332,0.2619047619047619,0.2
Birdonthewire,0.2,0.041023167506996534,0.2,0.2
Birdstone,0.38596491228070173,0.2830445266666458,0.4,0.34782608695652173
Black Minnaloushe,0.13793103448275862,0.050308172220812734,0.18181818181818182,0.16666666666666666
Black Tie Affair,0.3236514522821577,0.27501421479180266,0.23958333333333334,0.37748344370860926
Blame,0.19811320754716982,0.13810607125582672,0.2682926829268293,0.17142857142857143
Bletchingly,0.17857142857142858,0.07593620431582014,0.17647058823529413,0.2222222222222222
Blu Tusmani,0.18181818181818182,0.03677143788746509,0.2222222222222222,0.2222222222222222
Blue Point,0.25,0.05337550047023718,0.25,0.25
Bluebird,0.18072289156626506,0.116274510451537,0.12195121951219512,0.20930232558139536
Bluegrass Cat,0.27485380116959063,0.22037947095394714,0.16279069767441862,0.3111111111111111
Bluegrass Spirit,0.2,0.041023167506996534,0.2222222222222222,0.25
Blushing John,0.3472222222222222,0.2579749777922499,0.4,0.15789473684210525
Bob Back,0.2524271844660194,0.18516492355189434,0.2,0.35
Bobby's Kitten,0.3953488372093023,0.27679547498028134,0.3333333333333333,0.39473684210526316
Bodemeister,0.25,0.1285223634849194,0.4,0.2
Bold Badgett,0.25,0.05337550047023718,0.25,0.25
Bold Executive,0.2,0.041023167506996534,0.2,0.2
Bold Ruckus,0.3,0.1990993761719042,0.32432432432432434,0.25
Bolt d'Oro,0.2777777777777778,0.12377091476954695,0.3125,0.2222222222222222
Boone's Mill,0.46153846153846156,0.24529980127412515,0.45454545454545453,0.3333333333333333
Boston Harbor,0.29430379746835444,0.2529462588474284,0.2751322751322751,0.328125
Boundary,0.3037974683544304,0.26201939264752816,0.3013698630136986,0.3067484662576687
Brahms,0.21875,0.11108877125926007,0.25,0.2
Brazen Beau,0.14285714285714285,0.02805337732017585,0.25,0.15384615384615385
Brian's Time,0.32558139534883723,0.21405816638826594,0.2727272727272727,0.3333333333333333
Briartic,0.18181818181818182,0.03677143788746509,0.2222222222222222,0.2222222222222222
Brief Truce,0.2,0.11864737865209447,0.17647058823529413,0.25
Broad Brush,0.35968379446640314,0.3107796679404767,0.3333333333333333,0.3772455089820359
Brocco,0.18181818181818182,0.11889429308164542,0.27906976744186046,0.11538461538461539
Broken Vow,0.22580645161290322,0.1583438981623653,0.2682926829268293,0.2033898305084746
Brustolon,0.19047619047619047,0.0713538843086182,0.13333333333333333,0.25
Buckaroo,0.35714285714285715,0.21661693073608,0.42105263157894735,0.25
Buckfinder,0.4444444444444444,0.19290294999413107,0.375,0.375
Buddha,0.1111111111111111,0.03219890462003194,0.14285714285714285,0.15
Bullet Train,0.13333333333333333,0.025999332600867814,0.18181818181818182,0.18181818181818182
Cacoethes,0.4782608695652174,0.31126359295264855,0.375,0.5
Cadeaux Genereux,0.20481927710843373,0.15553577699744886,0.23728813559322035,0.14634146341463414
Caerleon,0.2898071625344353,0.2724281127521225,0.30808080808080807,0.23929471032745592
Cahill Road,0.28125,0.16061109125637793,0.3157894736842105,0.25
Cairo Prince,0.34146341463414637,0.22553245189072227,0.15384615384615385,0.4
Cajun Breeze,0.3333333333333333,0.1111127066076292,0.3333333333333333,0.3333333333333333
California Chrome,0.2608695652173913,0.16166218084282857,0.125,0.3333333333333333
Camacho,0.15384615384615385,0.030460165659137187,0.25,0.16666666666666666
Came Home,0.3157894736842105,0.2191187198498313,0.27586206896551724,0.34285714285714286
Camelot,0.18421052631578946,0.0923204476920001,0.2,0.2
Canadian Frontier,0.35714285714285715,0.24080895974915686,0.2903225806451613,0.4666666666666667
Candy Ride,0.20833333333333334,0.13497506119662192,0.08695652173913043,0.26785714285714285
Candy Stripes,0.5666666666666667,0.46093243124383615,0.5769230769230769,0.4
Canford Cliffs,0.11764705882352941,0.042481299792738715,0.12,0.1875
Canny Lad,0.3181818181818182,0.1681758233914966,0.3333333333333333,0.2727272727272727
Cape Blanco,0.18181818181818182,0.10405927140539496,0.11764705882352941,0.2222222222222222
Cape Canaveral,0.15384615384615385,0.030460165659137187,0.2222222222222222,0.18181818181818182
Cape Cross,0.1292517006802721,0.08692311493021784,0.14444444444444443,0.12903225806451613
Cape Town,0.2653061224489796,0.1682506595226767,0.16666666666666666,0.29545454545454547
Capote,0.24486301369863014,0.2161217871363036,0.21951219512195122,0.2646048109965636
Captain Bodgit,0.25,0.05337550047023718,0.25,0.25
Captain Rio,0.09090909090909091,0.01719099663247961,0.15384615384615385,0.14285714285714285
Caravaggio,0.37142857142857144,0.24310453673792634,0.40625,0.2
Carpe Diem,0.34375,0.2662736956065472,0.14814814814814814,0.41333333333333333
Carr de Naskra,0.2459016393442623,0.18446300885162312,0.23076923076923078,0.27450980392156865
Carson City,0.29770992366412213,0.26040712291003365,0.27388535031847133,0.3333333333333333
Casamento,0.25,0.07882004566602895,0.3333333333333333,0.2
Castle Gandolfo,0.275,0.1669359451315326,0.3235294117647059,0.15384615384615385
Cat Thief,0.20320855614973263,0.15679411081593,0.11904761904761904,0.20155038759689922
Catalina Cruiser,0.3333333333333333,0.1111127066076292,0.25,0.375
Catbird,0.21428571428571427,0.06604956721630965,0.21428571428571427,0.21428571428571427
Catholic Boy,0.15384615384615385,0.030460165659137187,0.18181818181818182,0.2222222222222222
Catrail,0.2545454545454545,0.16406365022581834,0.23529411764705882,0.2857142857142857
Caveat,0.2222222222222222,0.046389263979611135,0.2222222222222222,0.2222222222222222
Cee's Tizzy,0.3,0.09774681343927576,0.25,0.3333333333333333
Celtic Swing,0.4444444444444444,0.19290294999413107,0.4444444444444444,0.4444444444444444
Central Banker,0.325,0.20973197547756275,0.2222222222222222,0.34210526315789475
Century City,0.14285714285714285,0.02805337732017585,0.2,0.18181818181818182
Champs Elysees,0.14285714285714285,0.04216940788577861,0.16666666666666666,0.2
Chapel Royal,0.39473684210526316,0.2690551870775714,0.25,0.42424242424242425
Charge Forward,0.16,0.05900834386487541,0.17647058823529413,0.2
Charging Falls,0.25,0.09665833399195689,0.25,0.26666666666666666
Charismatic,0.21686746987951808,0.166405883445454,0.20588235294117646,0.22522522522522523
Charnwood Forest,0.37209302325581395,0.2555741216689382,0.4,0.2
Chequer,0.1875,0.10370178631317498,0.14285714285714285,0.21951219512195122
Cherokee Run,0.2747747747747748,0.22677192791939682,0.1346153846153846,0.3236994219653179
Chester House,0.25,0.09665833399195689,0.25,0.26666666666666666
Chief Seattle,0.3076923076923077,0.17030365397347064,0.2,0.34782608695652173
Chief's Crown,0.25098039215686274,0.20753452926674532,0.26666666666666666,0.23636363636363636
Chimes Band,0.1794871794871795,0.08979307579387828,0.2631578947368421,0.14814814814814814
Choisir,0.27419354838709675,0.18600165572044278,0.1875,0.3137254901960784
Chromite,0.16666666666666666,0.06167551742109534,0.2,0.18181818181818182
Churchill,0.2,0.041023167506996534,0.2222222222222222,0.25
Cicerao,0.25,0.05337550047023718,0.25,0.25
Citidancer,0.35714285714285715,0.16565942671507178,0.35714285714285715,0.35714285714285715
City Zip,0.24,0.14781585634791974,0.17857142857142858,0.3103448275862069
City of Light,0.1,0.019033120121624,0.25,0.10526315789473684
Claim,0.35294117647058826,0.225007664770885,0.35714285714285715,0.3333333333333333
Classic Empire,0.15384615384615385,0.030460165659137187,0.25,0.16666666666666666
Classic Music,0.11538461538461539,0.03351959498950469,0.09523809523809523,0.25
Clay Hero,0.2222222222222222,0.046389263979611135,0.2222222222222222,0.2222222222222222
Clever Trick,0.28,0.22577784973925574,0.1625,0.4090909090909091
Closing Argument,0.3493975903614458,0.2658856683990227,0.37735849056603776,0.2972972972972973
Collected,0.2857142857142857,0.13955374900238635,0.2222222222222222,0.3157894736842105
College Chapel,0.2222222222222222,0.046389263979611135,0.2222222222222222,0.2222222222222222
Colonel John,0.21621621621621623,0.11567352066097641,0.15789473684210525,0.2916666666666667
Colonial Affair,0.3010752688172043,0.22571336821316162,0.13793103448275862,0.36
Comic Strip,0.14285714285714285,0.04216940788577861,0.25,0.15
Commands,0.16666666666666666,0.033319217684229845,0.2,0.2222222222222222
Commendable,0.30952380952380953,0.19882890133153214,0.3,0.3076923076923077
Common Grounds,0.14912280701754385,0.09818303108819824,0.2,0.1111111111111111
Competitive Edge,0.23076923076923078,0.07187025554226983,0.2727272727272727,0.2222222222222222
Compton Place,0.10526315789473684,0.020110675876131676,0.16666666666666666,0.14285714285714285
Concern,0.2826086956521739,0.18011723839667348,0.21212121212121213,0.4
Congaree,0.26666666666666666,0.1453215823182127,0.2222222222222222,0.32
Congrats,0.20625,0.15595115755900363,0.14634146341463414,0.23770491803278687
Connect,0.3,0.147469565559241,0.3,0.29411764705882354
Conquering Hero,0.36363636363636365,0.15002824080667998,0.36363636363636365,0.36363636363636365
Conquistador Cielo,0.25933609958506226,0.2271075668680965,0.2275132275132275,0.2878787878787879
Consolidator,0.1875,0.11374934200543621,0.1282051282051282,0.28125
Constitution,0.29411764705882354,0.19488489725650174,0.1875,0.34146341463414637
Copelan,0.30303030303030304,0.18038450483604973,0.2,0.3333333333333333
Corinthian,0.29069767441860467,0.2134349847155761,0.25,0.34782608695652173
Coronado's Quest,0.3220338983050847,0.25330133159257423,0.22857142857142856,0.35555555555555557
Corporate Report,0.15384615384615385,0.07107138201019697,0.1875,0.1724137931034483
Count the Time,0.22727272727272727,0.09884352959849337,0.25,0.2631578947368421
Cowboy Cal,0.2909090909090909,0.1955038637317131,0.3333333333333333,0.28
Cox's Ridge,0.224,0.1654933921200648,0.11428571428571428,0.2765957446808511
Cozzene,0.2513611615245009,0.23013496554555987,0.27092198581560284,0.21714285714285714
Cracksman,0.17647058823529413,0.05314598448266387,0.21428571428571427,0.2
Crafty Friend,0.2,0.041023167506996534,0.2,0.2
Crafty Prospector,0.3148148148148148,0.2905408548105617,0.2911111111111111,0.3384321223709369
Creative Cause,0.3870967741935484,0.2495259051466325,0.3333333333333333,0.375
Criminal Type,0.2727272727272727,0.20213538626343483,0.12,0.2972972972972973
Croco Rouge,0.44,0.2823555265728761,0.3333333333333333,0.5454545454545454
Crown Attorney,0.25,0.05337550047023718,0.25,0.25
Crusader Sword,0.21621621621621623,0.14258114372072914,0.2,0.25806451612903225
Cryptoclearance,0.2727272727272727,0.20559022220155626,0.31645569620253167,0.18421052631578946
Cure the Blues,0.316,0.26857081866883936,0.19469026548672566,0.4097222222222222
Curlin,0.3,0.259853303443523,0.25,0.32051282051282054
Custom for Carlos,0.23529411764705882,0.0902524330304275,0.23529411764705882,0.23529411764705882
Cuvee,0.4,0.2589444436342179,0.4,0.3333333333333333
Cyborg,0.2222222222222222,0.046389263979611135,0.2222222222222222,0.2222222222222222
D'wildcat,0.3448275862068966,0.20824233925382346,0.3333333333333333,0.3333333333333333
Dahar,0.25,0.05337550047023718,0.25,0.25
Daiwa Major,0.32786885245901637,0.23303698490236116,0.17857142857142858,0.425
Dalakhani,0.2358490566037736,0.17126181328831777,0.26153846153846155,0.23529411764705882
Dance Brightly,0.2608695652173913,0.16166218084282857,0.2608695652173913,0.2608695652173913
Dance Floor,0.25,0.05337550047023718,0.25,0.25
Dance of Life,0.38613861386138615,0.3081006633887965,0.4375,0.2222222222222222
Dancehall,0.36428571428571427,0.29871598104397046,0.3888888888888889,0.28205128205128205
Dancing Brave,0.3125,0.14166397164215325,0.3125,0.3125
Dancing Pirate,0.14285714285714285,0.02805337732017585,0.14285714285714285,0.14285714285714285
Dancing Spree,0.2222222222222222,0.046389263979611135,0.2222222222222222,0.2222222222222222
Dandy Man,0.38461538461538464,0.181024757242321,0.4,0.3
Danehill,0.2732012513034411,0.24981560108592907,0.29517241379310344,0.19911504424778761
Danehill Dancer,0.25311203319502074,0.20832165752714715,0.2639593908629442,0.21428571428571427
Danetime,0.29411764705882354,0.13211096575490608,0.3125,0.25
Danewin,0.16666666666666666,0.033319217684229845,0.25,0.18181818181818182
Danon Ballade,0.3333333333333333,0.16636269171015386,0.3333333333333333,0.3333333333333333
Dansili,0.3013698630136986,0.21677351505750783,0.3235294117647059,0.16666666666666666
Danzatore,0.38461538461538464,0.2355861304012429,0.25,0.43478260869565216
Danzero,0.23076923076923078,0.07187025554226983,0.23076923076923078,0.23076923076923078
Danzig,0.3212025316455696,0.29099726270045523,0.3464203233256351,0.2682926829268293
Danzig Connection,0.31932773109243695,0.25105828735598734,0.1836734693877551,0.4025974025974026
Dare and Go,0.2222222222222222,0.046389263979611135,0.2222222222222222,0.25
Dark Angel,0.3333333333333333,0.27376930169756153,0.3722627737226277,0.15625
Darn That Alarm,0.2,0.06110292885897761,0.2,0.2
Darshaan,0.24285714285714285,0.18559582138294434,0.3235294117647059,0.06976744186046512
Dashing Blade,0.375,0.1287563928042427,0.375,0.375
Data Link,0.2222222222222222,0.046389263979611135,0.2222222222222222,0.2222222222222222
Dawn Approach,0.18681318681318682,0.12407863037041228,0.2037037037037037,0.2
Dayjur,0.312,0.2732703308512706,0.25170068027210885,0.354978354978355
Daylami,0.12903225806451613,0.046854826914600675,0.14285714285714285,0.2
De Niro,0.23529411764705882,0.12675157659681374,0.16666666666666666,0.27586206896551724
Decarchy,0.35714285714285715,0.16565942671507178,0.35714285714285715,0.35714285714285715
Declaration of War,0.2469879518072289,0.19386475427838024,0.2463768115942029,0.22826086956521738
Deep Impact,0.2,0.041023167506996534,0.2,0.2
Deerhound,0.13636363636363635,0.06255561501014563,0.1875,0.10526315789473684
Defensive Play,0.09375,0.02690011969114915,0.125,0.17647058823529413
Definite Article,0.2,0.041023167506996534,0.2,0.2
Defrere,0.38095238095238093,0.21706858937007417,0.25,0.4375
Dehere,0.3129411764705882,0.2764895748072195,0.29411764705882354,0.34673366834170855
Delaware Township,0.35714285714285715,0.16565942671507178,0.2222222222222222,0.4166666666666667
Demons Begone,0.3888888888888889,0.2119081548195657,0.3888888888888889,0.3888888888888889
Denman,0.23076923076923078,0.07187025554226983,0.25,0.25
Deploy,0.14814814814814814,0.054311666601376984,0.16,0.2222222222222222
Deposit Ticket,0.14285714285714285,0.052233240682168613,0.2,0.14285714285714285
Deputy Commander,0.29411764705882354,0.22769192548198902,0.1111111111111111,0.3218390804597701
Deputy Governor,0.16666666666666666,0.033319217684229845,0.16666666666666666,0.16666666666666666
Deputy Minister,0.27934621099554235,0.25129400122428963,0.2261904761904762,0.3110539845758355
Dernier Empereur,0.18181818181818182,0.03677143788746509,0.2222222222222222,0.2222222222222222
Desert King,0.18072289156626506,0.116274510451537,0.1346153846153846,0.2631578947368421
Desert Party,0.2,0.1063800448764146,0.25,0.20512820512820512
Desert Prince,0.31313131313131315,0.23901197501013302,0.3157894736842105,0.3
Devil His Due,0.21052631578947367,0.14568887059491492,0.125,0.3018867924528302
Devil's Bag,0.2620545073375262,0.2295426651714335,0.26640926640926643,0.26046511627906976
Devon Flyer,0.2222222222222222,0.046389263979611135,0.2222222222222222,0.2222222222222222
Diablo,0.29508196721311475,0.20370553444622325,0.23529411764705882,0.3137254901960784
Dialed In,0.3181818181818182,0.1681758233914966,0.25,0.3333333333333333
Diamond Shoal,0.21428571428571427,0.06604956721630965,0.2,0.2727272727272727
Diesis,0.22476190476190477,0.19542884272230948,0.21525885558583105,0.25165562913907286
Digamist,0.25,0.05337550047023718,0.25,0.25
Diktat,0.21929824561403508,0.1587261524677889,0.23529411764705882,0.15789473684210525
Dilum,0.30303030303030304,0.18038450483604973,0.25,0.3181818181818182
Dinyeper,0.16666666666666666,0.033319217684229845,0.18181818181818182,0.25
Discreet Cat,0.35537190082644626,0.28544533827050445,0.21212121212121213,0.4
Discreetly Mine,0.2972972972972973,0.18175377070193516,0.2222222222222222,0.3142857142857143
Distant Relative,0.16666666666666666,0.04989815455742298,0.21428571428571427,0.18181818181818182
Distant View,0.26666666666666666,0.19859789326018956,0.25,0.275
Distinctive Pro,0.11904761904761904,0.049303921754631254,0.23809523809523808,0.07142857142857142
Distinctly North,0.3472222222222222,0.2579749777922499,0.4067796610169492,0.2
Distorted Humor,0.2840095465393795,0.24840670577202895,0.192,0.3277027027027027
Dixie Brass,0.15384615384615385,0.030460165659137187,0.18181818181818182,0.2222222222222222
Dixie Union,0.3037383177570093,0.2531997982069912,0.23880597014925373,0.3355263157894737
Dixieland Band,0.2670807453416149,0.23455456301491467,0.125,0.3220338983050847
Docksider,0.2,0.041023167506996534,0.2222222222222222,0.25
Dolphin Street,0.13513513513513514,0.05636166797528034,0.19230769230769232,0.125
Dom Pasquini,0.2222222222222222,0.046389263979611135,0.2222222222222222,0.2222222222222222
Dominus,0.4666666666666667,0.26358492378234966,0.2222222222222222,0.5384615384615384
Don't Say Halo,0.2,0.06110292885897761,0.3,0.16666666666666666
Doneraile Court,0.3181818181818182,0.1681758233914966,0.16666666666666666,0.4117647058823529
Doulab,0.2,0.041023167506996534,0.2222222222222222,0.25
Doyen,0.21621621621621623,0.11567352066097641,0.14285714285714285,0.26666666666666666
Doyoun,0.14285714285714285,0.02805337732017585,0.16666666666666666,0.2222222222222222
Dr Devious,0.19047619047619047,0.0713538843086182,0.2,0.25
Dr Fong,0.3409090909090909,0.22881410274479042,0.2631578947368421,0.375
Dr. Carter,0.3125,0.14166397164215325,0.3333333333333333,0.2727272727272727
Dr. Caton,0.3333333333333333,0.16636269171015386,0.25,0.35294117647058826
Dream Ahead,0.125,0.024225732468536623,0.13333333333333333,0.25
Dream Run,0.1875,0.05684686759024681,0.2727272727272727,0.16666666666666666
Drosselmeyer,0.2857142857142857,0.13955374900238635,0.2777777777777778,0.3
Dubai Destination,0.17543859649122806,0.12997628921175264,0.17391304347826086,0.1595744680851064
Dubawi,0.3464566929133858,0.2981273138239705,0.3448275862068966,0.3448275862068966
Duke of Marmalade,0.18333333333333332,0.1082227942434513,0.21568627450980393,0.125
Dumaani,0.38461538461538464,0.181024757242321,0.36363636363636365,0.3333333333333333
Dunkirk,0.4523809523809524,0.32866582116602666,0.4,0.4482758620689655
Dutch Art,0.3793103448275862,0.23827138494581032,0.3333333333333333,0.3888888888888889
Dylan Thomas,0.17857142857142858,0.07593620431582014,0.21739130434782608,0.18181818181818182
Dynaformer,0.2754491017964072,0.2360728093163736,0.24647887323943662,0.30409356725146197
E Dubai,0.2222222222222222,0.046389263979611135,0.2222222222222222,0.2222222222222222
Eagle Eyed,0.09090909090909091,0.01719099663247961,0.15384615384615385,0.16666666666666666
Eastern Echo,0.23030303030303031,0.17845662037564425,0.19318181818181818,0.27380952380952384
Easy Goer,0.3129251700680272,0.25168723182300884,0.2916666666666667,0.31313131313131315
Ecton Park,0.4,0.22972091932616245,0.375,0.3684210526315789
Eddington,0.2,0.041023167506996534,0.25,0.2222222222222222
Editor's Note,0.23076923076923078,0.12949772490069086,0.21212121212121213,0.3076923076923077
El Condor Pasa,0.2777777777777778,0.16395695554403333,0.2727272727272727,0.3103448275862069
El Corredor,0.28,0.21623818912492518,0.125,0.3238095238095238
El Gran Senor,0.3088803088803089,0.26259113175093085,0.30857142857142855,0.2716049382716049
El Moxie,0.4166666666666667,0.19957614988383687,0.4166666666666667,0.4166666666666667
El Prado,0.20422535211267606,0.16615831972792866,0.2254335260115607,0.16981132075471697
Elegant Air,0.36,0.2115655571970286,0.3125,0.375
Elmaamul,0.11764705882352941,0.022678782722445716,0.13333333333333333,0.2222222222222222
Elusive City,0.2903225806451613,0.16632595561321167,0.3333333333333333,0.18181818181818182
Elusive Quality,0.25753424657534246,0.22070212395106742,0.16853932584269662,0.2872340425531915
Emcee,0.325,0.20973197547756275,0.1875,0.3870967741935484
Empire Maker,0.32209737827715357,0.27590578184786835,0.22727272727272727,0.35096153846153844
Encosta De Lago,0.23684210526315788,0.16122976397591518,0.2647058823529412,0.13333333333333333
Encosta de Lago,0.375,0.1287563928042427,0.375,0.375
End Sweep,0.3342036553524804,0.2951003501272153,0.24444444444444444,0.38492063492063494
English Channel,0.11764705882352941,0.05357140284013067,0.12195121951219512,0.17647058823529413
Entrepreneur,0.16666666666666666,0.033319217684229845,0.18181818181818182,0.25
Epervier Bleu,0.2,0.041023167506996534,0.2,0.2
Equalize,0.25,0.05337550047023718,0.25,0.25
Eskendereya,0.18181818181818182,0.03677143788746509,0.2222222222222222,0.2222222222222222
Eskimo,0.26666666666666666,0.1453215823182127,0.29411764705882354,0.25
Esprit Du Nord,0.13333333333333333,0.025999332600867814,0.2,0.16666666666666666
Eurosilver,0.16666666666666666,0.06167551742109534,0.3,0.15
Even Top,0.25,0.05337550047023718,0.25,0.25
Exaggerator,0.2,0.041023167506996534,0.25,0.2222222222222222
Exceed And Excel,0.25203252032520324,0.19024432004678116,0.25301204819277107,0.2553191489361702
Excelebration,0.14285714285714285,0.02805337732017585,0.15384615384615385,0.25
Exchange Rate,0.3829787234042553,0.3023307241015386,0.23809523809523808,0.4125
Exclusive Ribot,0.25,0.05337550047023718,0.25,0.25
Exit to Nowhere,0.09090909090909091,0.01719099663247961,0.14285714285714285,0.14285714285714285
Explodent,0.0625,0.011585315861443594,0.125,0.09523809523809523
Exploit,0.2692307692307692,0.20754075555027177,0.18604651162790697,0.32222222222222224
Exuberant,0.2,0.0752938165688757,0.2222222222222222,0.2222222222222222
Ezzoud,0.25,0.05337550047023718,0.25,0.25
Fabulous Dancer,0.32,0.21670673363940923,0.3,0.32432432432432434
Fairy King,0.28651685393258425,0.23230901853016125,0.30952380952380953,0.23728813559322035
Falbrav,0.22,0.13129970751919226,0.2619047619047619,0.13333333333333333
Faltaat,0.16666666666666666,0.033319217684229845,0.16666666666666666,0.16666666666666666
Falvelon,0.18181818181818182,0.03677143788746509,0.2,0.25
Fantastic Light,0.2512820512820513,0.20179697173433822,0.2534246575342466,0.1891891891891892
Fappiano,0.14634146341463414,0.06740094052270874,0.19047619047619047,0.14814814814814814
Far North,0.11764705882352941,0.022678782722445716,0.14285714285714285,0.2
Farhh,0.5,0.25136762740817725,0.5,0.5
Farma Way,0.2631578947368421,0.18425679315780188,0.22950819672131148,0.36363636363636365
Fasliyev,0.3181818181818182,0.25799288716551727,0.3055555555555556,0.34523809523809523
Fast Company,0.25,0.05337550047023718,0.25,0.25
Fastnet Rock,0.3185840707964602,0.2686324334655001,0.34210526315789475,0.18421052631578946
Favn,0.2,0.041023167506996534,0.2222222222222222,0.25
Favorite Trick,0.2641509433962264,0.17070235672341438,0.2972972972972973,0.22727272727272727
Fayruz,0.25,0.05337550047023718,0.25,0.25
Fed Biz,0.3611111111111111,0.23559976858041448,0.25,0.37142857142857144
Ferdinand,0.22727272727272727,0.09884352959849337,0.25,0.2222222222222222
First Defence,0.2564102564102564,0.15028202347670996,0.2631578947368421,0.25925925925925924
First Samurai,0.32231404958677684,0.25439153795055647,0.22857142857142856,0.3595505617977528
Fit to Fight,0.19230769230769232,0.12408805916220382,0.21052631578947367,0.21428571428571427
Five Star Day,0.2702702702702703,0.1591291504679977,0.25,0.2777777777777778
Flashy Bull,0.3076923076923077,0.21765864453426476,0.18181818181818182,0.32075471698113206
Flatter,0.19148936170212766,0.1060480310374599,0.13333333333333333,0.23076923076923078
Fly So Free,0.2536231884057971,0.19499565130175253,0.1774193548387097,0.3026315789473684
Flying Pidgeon,0.2222222222222222,0.046389263979611135,0.2222222222222222,0.2222222222222222
Flying Spur,0.25,0.1762321616287925,0.273972602739726,0.1875
Fools Holme,0.16129032258064516,0.06805557358038451,0.26666666666666666,0.13043478260869565
Footstepsinthesand,0.32098765432098764,0.23871697027707353,0.35384615384615387,0.21739130434782608
Forest Camp,0.2556390977443609,0.195788382323265,0.1896551724137931,0.28378378378378377
Forest Danger,0.21739130434782608,0.09410939841509938,0.2222222222222222,0.23809523809523808
Forest Wildcat,0.2842809364548495,0.2422716283766011,0.2553191489361702,0.2971698113207547
Forest Wind,0.28125,0.16061109125637793,0.25,0.3333333333333333
Forestry,0.2975609756097561,0.2462976470316688,0.2727272727272727,0.3146853146853147
Formal Dinner,0.3409090909090909,0.22881410274479042,0.3684210526315789,0.23076923076923078
Formal Gold,0.38461538461538464,0.26138431976812754,0.2222222222222222,0.42857142857142855
Formidable,0.3103448275862069,0.17907700513471883,0.2,0.34615384615384615
Fort Larned,0.3333333333333333,0.17731091757444914,0.3333333333333333,0.3333333333333333
Fortunate Prospect,0.10344827586206896,0.029847073559198096,0.14285714285714285,0.13636363636363635
Forty Niner,0.33548387096774196,0.29204745640935764,0.31875,0.3503184713375796
Forzando,0.275,0.1669359451315326,0.2222222222222222,0.3333333333333333
Fountain of Gold,0.2727272727272727,0.08726443391415033,0.3,0.25
Foxhound,0.2956521739130435,0.22800509113613568,0.28205128205128205,0.30864197530864196
Frankel,0.3126984126984127,0.2826806503612852,0.33969465648854963,0.1875
Fred Astaire,0.5,0.3469716996903496,0.4444444444444444,0.47058823529411764
Free Drop Billy,0.3333333333333333,0.1527176223846631,0.3,0.3333333333333333
Free Eagle,0.3448275862068966,0.20824233925382346,0.3125,0.35
French Deputy,0.3359173126614987,0.2969583670610232,0.3157894736842105,0.35580524344569286
Friendly Lover,0.3023255813953488,0.1937938896569393,0.15384615384615385,0.35135135135135137
Friends Lake,0.21428571428571427,0.10148495300353262,0.25,0.2222222222222222
Frosted,0.32857142857142857,0.23968344941586217,0.42424242424242425,0.25
Fuji Kiseki,0.3484848484848485,0.25533764535089015,0.39622641509433965,0.2
Funambule,0.25,0.12021457475376468,0.3076923076923077,0.2222222222222222
Fusaichi Pegasus,0.2532299741602067,0.23248983287532668,0.20052770448548812,0.2842377260981912
Future Storm,0.38461538461538464,0.181024757242321,0.45454545454545453,0.2222222222222222
Galileo,0.22826086956521738,0.19317502656231067,0.23828125,0.21904761904761905
Garde Royale,0.2222222222222222,0.046389263979611135,0.2222222222222222,0.2222222222222222
Garswood,0.3,0.09774681343927576,0.2222222222222222,0.375
Geiger Counter,0.31746031746031744,0.2250840578674154,0.25,0.34
General Assembly,0.4307692307692308,0.3316437911788888,0.22727272727272727,0.5
General Meeting,0.2391304347826087,0.1435519217275998,0.3181818181818182,0.17391304347826086
General Monash,0.14285714285714285,0.02805337732017585,0.2,0.18181818181818182
General Nediym,0.2857142857142857,0.13955374900238635,0.2,0.3333333333333333
Generous,0.296875,0.20733924308562693,0.34782608695652173,0.2
Gentlemen,0.2391304347826087,0.16970254547647629,0.15,0.3050847457627119
Geri,0.14285714285714285,0.02805337732017585,0.2222222222222222,0.16666666666666666
Germany,0.25,0.05337550047023718,0.25,0.25
Getaway,0.14285714285714285,0.02805337732017585,0.25,0.15384615384615385
Ghazi,0.2268041237113402,0.16053683850348724,0.25,0.2
Ghostzapper,0.3768844221105528,0.32121442472431383,0.265625,0.425531914893617
Giacomo,0.3157894736842105,0.15634363948365287,0.3,0.3125
Giant's Causeway,0.2700661000944287,0.2478831197823287,0.24870466321243523,0.2679509632224168
Gilded Time,0.23214285714285715,0.1805792587965794,0.19718309859154928,0.2621359223300971
Gio Ponti,0.25,0.15785587866657494,0.26,0.2222222222222222
Girolamo,0.18181818181818182,0.03677143788746509,0.18181818181818182,0.18181818181818182
Glen Jordan,0.25,0.05337550047023718,0.25,0.25
Gleneagles,0.3026315789473684,0.21951339230701788,0.296875,0.3333333333333333
Glitterman,0.29545454545454547,0.18900882145510087,0.16666666666666666,0.3333333333333333
Glow,0.3333333333333333,0.1111127066076292,0.3333333333333333,0.3333333333333333
Go for Gin,0.2,0.0752938165688757,0.2222222222222222,0.2222222222222222
God's Own,0.25,0.05337550047023718,0.25,0.25
Golan,0.2222222222222222,0.046389263979611135,0.2222222222222222,0.2222222222222222
Gold Away,0.21052631578947367,0.07969540880247418,0.2222222222222222,0.25
Gold Brose,0.3333333333333333,0.13507547291964123,0.2,0.4444444444444444
Gold Case,0.45,0.27394584508232006,0.2222222222222222,0.5
Gold Crest,0.3076923076923077,0.12285066324360105,0.3,0.3
Gold Fever,0.2,0.11107479601273404,0.25,0.125
Golden Act,0.2,0.041023167506996534,0.25,0.2222222222222222
Golden Gear,0.40540540540540543,0.2771950317435586,0.3076923076923077,0.41935483870967744
Golden Horn,0.25252525252525254,0.18398008248082656,0.22916666666666666,0.27586206896551724
Golden Missile,0.3125,0.23048006092923284,0.25,0.32
Goldencents,0.3695652173913043,0.2569440895187902,0.46153846153846156,0.325
Goldneyev,0.18181818181818182,0.06780647293683403,0.1875,0.23076923076923078
Gone West,0.2693310165073849,0.2480617020694573,0.2791461412151067,0.25443786982248523
Good Magic,0.2727272727272727,0.08726443391415033,0.2727272727272727,0.2727272727272727
Good Samaritan,0.2,0.041023167506996534,0.2,0.2
Goofalik,0.25,0.05337550047023718,0.25,0.25
Grand Lodge,0.25133689839572193,0.20083852127693397,0.2905405405405405,0.13043478260869565
Grand Slam,0.27339449541284405,0.2424962091357834,0.22167487684729065,0.3063583815028902
Grass Wonder,0.21739130434782608,0.09410939841509938,0.25,0.2
Graydar,0.34285714285714286,0.21787957010051073,0.2,0.375
Great Above,0.2608695652173913,0.12603399790646957,0.2222222222222222,0.2857142857142857
Great Commotion,0.25,0.05337550047023718,0.25,0.25
Green Dancer,0.2809917355371901,0.21614575055249288,0.32857142857142857,0.2653061224489796
Green Desert,0.3217391304347826,0.28639284950479993,0.3420074349442379,0.3048128342245989
Green Forest,0.35714285714285715,0.16565942671507178,0.25,0.38461538461538464
Green Perfume,0.3125,0.14166397164215325,0.3125,0.3125
Green Tune,0.2,0.06110292885897761,0.2,0.2
Greenwood Lake,0.5,0.2999864741377703,0.3,0.5384615384615384
Grindstone,0.34065934065934067,0.2613750603955874,0.23529411764705882,0.390625
Groom Dancer,0.23699421965317918,0.18573587031531696,0.2638888888888889,0.11764705882352941
Groomstick,0.25,0.05337550047023718,0.25,0.25
Grosvenor,0.2,0.041023167506996534,0.2,0.2
Guiliani,0.25,0.05337550047023718,0.25,0.25
Gulch,0.2787564766839378,0.25528865632158554,0.22442244224422442,0.2981878088962109
Gun Runner,0.3870967741935484,0.2881792821939798,0.38095238095238093,0.375
Gutaifan,0.2777777777777778,0.12377091476954695,0.2777777777777778,0.2777777777777778
Haafhd,0.16666666666666666,0.033319217684229845,0.2222222222222222,0.2
Hail Bold King,0.14285714285714285,0.02805337732017585,0.2,0.18181818181818182
Half Ours,0.3230769230769231,0.23151393359185668,0.3333333333333333,0.3225806451612903
Halling,0.24107142857142858,0.17758749129504617,0.25842696629213485,0.2
Halo,0.21468926553672316,0.1659495442069763,0.16666666666666666,0.28205128205128205
Hansel,0.2708333333333333,0.19938834782081793,0.2894736842105263,0.26153846153846155
Hansen,0.3469387755102041,0.2397689553779489,0.2,0.4
Hard Spun,0.24434389140271492,0.1982462228144013,0.2857142857142857,0.24154589371980675
Harlan's Holiday,0.3005181347150259,0.24755777327197084,0.3076923076923077,0.3125
Harp Islet,0.44,0.2823555265728761,0.2857142857142857,0.5
Harry Angel,0.2,0.06110292885897761,0.2727272727272727,0.18181818181818182
Hat Trick,0.2692307692307692,0.1905940372542291,0.2916666666666667,0.15384615384615385
Havana Gold,0.35,0.18750431150540045,0.3684210526315789,0.25
Havana Grey,0.3157894736842105,0.15634363948365287,0.3157894736842105,0.3157894736842105
Hawk Wing,0.21052631578947367,0.14568887059491492,0.2112676056338028,0.1
Hawkster,0.10294117647058823,0.050071407602834954,0.10714285714285714,0.1111111111111111
Haynesfield,0.25,0.18072562365676767,0.15384615384615385,0.2727272727272727
He's Had Enough,0.3076923076923077,0.12285066324360105,0.3076923076923077,0.3076923076923077
Heart's Cry,0.3333333333333333,0.21564763429812367,0.34375,0.2857142857142857
Heatseeker,0.2222222222222222,0.08464510203057857,0.2727272727272727,0.21428571428571427
Henbit,0.2,0.041023167506996534,0.2,0.2
Hennessy,0.25055432372505543,0.21766441834679123,0.19753086419753085,0.2888086642599278
Henny Hughes,0.2831050228310502,0.23428310487164294,0.18518518518518517,0.33793103448275863
Henrythenavigator,0.19117647058823528,0.11876250152805297,0.1,0.26666666666666666
Herat,0.2727272727272727,0.08726443391415033,0.2222222222222222,0.3333333333333333
Here Comes Ben,0.2,0.041023167506996534,0.25,0.2222222222222222
Hernando,0.1111111111111111,0.021317626921521112,0.125,0.2222222222222222
Heroicity,0.2222222222222222,0.046389263979611135,0.2222222222222222,0.2222222222222222
High Brite,0.2222222222222222,0.046389263979611135,0.25,0.25
High Chaparral,0.20833333333333334,0.14410220431115775,0.2289156626506024,0.15
High Cotton,0.23076923076923078,0.07187025554226983,0.2222222222222222,0.2727272727272727
High Estate,0.3,0.09774681343927576,0.3,0.3
High Yield,0.1414141414141414,0.0884810367692879,0.1780821917808219,0.10344827586206896
Highest Honor,0.19696969696969696,0.12255438518073358,0.3793103448275862,0.10526315789473684
Highland Reel,0.2,0.041023167506996534,0.2222222222222222,0.25
His Majesty,0.2413793103448276,0.1236687094841518,0.3157894736842105,0.17647058823529413
Hishi Masaru,0.18181818181818182,0.03677143788746509,0.18181818181818182,0.18181818181818182
Hold That Tiger,0.2549019607843137,0.1611745965307894,0.15384615384615385,0.28888888888888886
Holy Bull,0.2842465753424658,0.24175023799024173,0.19047619047619047,0.3133047210300429
Holy Roman Emperor,0.16,0.05900834386487541,0.18181818181818182,0.2
Homebuilder,0.34146341463414637,0.22553245189072227,0.2727272727272727,0.38461538461538464
Homme de Loi,0.17857142857142858,0.07593620431582014,0.20833333333333334,0.18181818181818182
Honest Man,0.14285714285714285,0.04216940788577861,0.18181818181818182,0.17647058823529413
Honor Code,0.28,0.1456864802880364,0.28,0.28
Honor Grades,0.1870967741935484,0.13811696453679703,0.13924050632911392,0.25
Honour and Glory,0.24934383202099739,0.21369160704521262,0.1826086956521739,0.27547169811320754
Horatius,0.4117647058823529,0.22669156846628724,0.2,0.5
Horse Chestnut,0.2564102564102564,0.15028202347670996,0.30434782608695654,0.13333333333333333
Horse Greeley,0.125,0.024225732468536623,0.18181818181818182,0.16666666666666666
Housebuster,0.2222222222222222,0.18311488683578708,0.21965317919075145,0.22950819672131148
Houston,0.1984126984126984,0.14302805004240562,0.17073170731707318,0.21739130434782608
Hula Chief,0.16666666666666666,0.033319217684229845,0.2222222222222222,0.2
Hula Town,0.36363636363636365,0.15002824080667998,0.36363636363636365,0.36363636363636365
Hunter's Light,0.16666666666666666,0.033319217684229845,0.2222222222222222,0.2
Hurricane Run,0.15384615384615385,0.030460165659137187,0.15384615384615385,0.15384615384615385
Hussonet,0.2833333333333333,0.19264099972214585,0.3076923076923077,0.2
I Am Invincible,0.35135135135135137,0.22854802262994012,0.38095238095238093,0.30434782608695654
Ice Box,0.2608695652173913,0.12603399790646957,0.2,0.3
Idiot Proof,0.2,0.041023167506996534,0.25,0.2222222222222222
Iffraaj,0.26865671641791045,0.18427697669798598,0.3023255813953488,0.21428571428571427
Imperial Ballet,0.1875,0.05684686759024681,0.15384615384615385,0.25
Imposing,0.18181818181818182,0.03677143788746509,0.2,0.25
In Excess,0.47058823529411764,0.2786026855021703,0.5333333333333333,0.2222222222222222
In The Wings,0.21052631578947367,0.12855931716052754,0.23404255319148937,0.17647058823529413
In the Wings,0.375,0.1287563928042427,0.375,0.375
Inchinor,0.3333333333333333,0.1111127066076292,0.3333333333333333,0.3333333333333333
Include,0.125,0.051903557518485535,0.13333333333333333,0.15625
Indian Charlie,0.3298429319371728,0.27504521409020044,0.24285714285714285,0.3870967741935484
Indian Ridge,0.2837209302325581,0.23442328359576814,0.2857142857142857,0.27941176470588236
Indygo Shiner,0.19047619047619047,0.0713538843086182,0.2222222222222222,0.2222222222222222
Intello,0.5,0.28704900279438894,0.5833333333333334,0.2222222222222222
Intense Focus,0.2564102564102564,0.15028202347670996,0.16666666666666666,0.3125
Interprete,0.13333333333333333,0.025999332600867814,0.14285714285714285,0.25
Intikhab,0.3076923076923077,0.12285066324360105,0.3076923076923077,0.3076923076923077
Into Mischief,0.34285714285714286,0.29950173538872554,0.25,0.38222222222222224
Invasor,0.17647058823529413,0.05314598448266387,0.2727272727272727,0.15384615384615385
Invincible Army,0.25,0.05337550047023718,0.25,0.25
Invincible Spirit,0.2720306513409962,0.22781365202528747,0.26519337016574585,0.28735632183908044
Irgun,0.43478260869565216,0.27131319030981726,0.43478260869565216,0.43478260869565216
Irish River,0.24102564102564103,0.19231494104657365,0.20535714285714285,0.275
Irish Tower,0.28169014084507044,0.22158946713139072,0.1836734693877551,0.336734693877551
Iron Courage,0.3125,0.14166397164215325,0.2727272727272727,0.3333333333333333
Iskandar Elakbar,0.19047619047619047,0.0713538843086182,0.19047619047619047,0.19047619047619047
Itsmyluckyday,0.37037037037037035,0.22569988222323717,0.3076923076923077,0.38095238095238093
Jade Hunter,0.2935323383084577,0.24200834146197006,0.24242424242424243,0.31690140845070425
Jade Robbery,0.15217391304347827,0.09547364846550029,0.25,0.05263157894736842
Java Gold,0.30158730158730157,0.21086761118982492,0.32653061224489793,0.23809523809523808
Jeblar,0.4,0.22972091932616245,0.4,0.4
Jeune Homme,0.2222222222222222,0.046389263979611135,0.25,0.25
Jimmy Choux,0.4444444444444444,0.2920820340098962,0.48,0.2222222222222222
Jimmy Creed,0.5,0.368095384868261,0.5,0.5
Johannesburg,0.2465753424657534,0.20011613583636154,0.18604651162790697,0.29411764705882354
Johar,0.17647058823529413,0.05314598448266387,0.18181818181818182,0.23076923076923078
Jolie's Halo,0.3064516129032258,0.214518740575816,0.2857142857142857,0.3548387096774194
Josr Algarhoud,0.25,0.1099063700051813,0.2857142857142857,0.23076923076923078
Joyeux Danseur,0.20588235294117646,0.10403677814474449,0.25925925925925924,0.2
Judge Smells,0.25,0.05337550047023718,0.25,0.25
Jump Start,0.2222222222222222,0.046389263979611135,0.25,0.25
Jungle Pocket,0.5128205128205128,0.38224442894653493,0.48484848484848486,0.46153846153846156
Just a Way,0.25,0.07882004566602895,0.25,0.25
Justify,0.3163265306122449,0.24159483992316544,0.20833333333333334,0.345679012345679
Justin Phillip,0.21875,0.11108877125926007,0.21052631578947367,0.2777777777777778
K.O. Punch,0.15384615384615385,0.030460165659137187,0.2,0.2
Kabool,0.25,0.05337550047023718,0.25,0.25
Kafwain,0.46153846153846156,0.24529980127412515,0.46153846153846156,0.46153846153846156
Kahyasi,0.6153846153846154,0.39086230177096337,0.6153846153846154,0.6153846153846154
Kalanisi,0.1,0.019033120121624,0.125,0.18181818181818182
Kaldoun,0.37362637362637363,0.2922217448106582,0.3902439024390244,0.25
Kaldounevees,0.25,0.05337550047023718,0.25,0.25
Kambalda,0.375,0.1287563928042427,0.375,0.375
Kantharos,0.46153846153846156,0.3051296796511588,0.3076923076923077,0.5
Kayf Tara,0.11538461538461539,0.03351959498950469,0.125,0.17647058823529413
Kayrawan,0.25,0.05337550047023718,0.25,0.25
Keen,0.22826086956521738,0.17922303932970016,0.25547445255474455,0.1875
Kefaah,0.15,0.04446484244557773,0.13333333333333333,0.25
Kendargent,0.15,0.04446484244557773,0.2,0.16666666666666666
Kendor,0.18181818181818182,0.06780647293683403,0.2,0.21052631578947367
Kenmare,0.2676056338028169,0.1856107849165917,0.22448979591836735,0.3448275862068966
Key of Luck,0.10810810810810811,0.038854949380668906,0.15,0.125
Key to the Mint,0.29411764705882354,0.13211096575490608,0.29411764705882354,0.29411764705882354
Kheleyf,0.33962264150943394,0.23707123364324992,0.2,0.42857142857142855
Khozan,0.34210526315789475,0.22190914558192454,0.3333333333333333,0.3333333333333333
King Cugat,0.16666666666666666,0.033319217684229845,0.18181818181818182,0.25
King Kamehameha,0.3333333333333333,0.13507547291964123,0.3333333333333333,0.3333333333333333
King of Kings,0.15151515151515152,0.10353217988943389,0.14893617021276595,0.17777777777777778
King's Best,0.26406926406926406,0.21764045265246953,0.32727272727272727,0.08163265306122448
King's Theatre,0.10526315789473684,0.020110675876131676,0.125,0.2
Kingmambo,0.30328441649196364,0.2834603706253502,0.2900763358778626,0.3180026281208936
Kingman,0.2670807453416149,0.21157564184597014,0.3028169014084507,0.07692307692307693
Kingsalsa,0.15384615384615385,0.030460165659137187,0.2222222222222222,0.18181818181818182
Kingsttenham,0.2727272727272727,0.08726443391415033,0.2727272727272727,0.2727272727272727
Kitten's Joy,0.21942446043165467,0.1798409399781226,0.20689655172413793,0.26732673267326734
Kizuna,0.3684210526315789,0.19895329584249163,0.3684210526315789,0.3684210526315789
Klimt,0.25,0.09665833399195689,0.2222222222222222,0.2857142857142857
Known Fact,0.33557046979865773,0.2734083066117301,0.3235294117647059,0.3409090909090909
Kodiac,0.5333333333333333,0.325028481603775,0.3333333333333333,0.5384615384615384
Kris,0.1320754716981132,0.06492283466368858,0.14583333333333334,0.18181818181818182
Kris S.,0.34540389972144847,0.30466999114537713,0.36401673640167365,0.3114754098360656
Kyllachy,0.07692307692307693,0.014403197979173658,0.09523809523809523,0.16666666666666666
L'Emigrant,0.19047619047619047,0.0713538843086182,0.23529411764705882,0.19047619047619047
Lahib,0.15254237288135594,0.08341016029581765,0.16666666666666666,0.16666666666666666
Lake Coniston,0.25,0.05337550047023718,0.25,0.25
Lammtarra,0.3217391304347826,0.2521667530241923,0.3372093023255814,0.29411764705882354
Lando,0.2222222222222222,0.046389263979611135,0.2222222222222222,0.2222222222222222
Langfuhr,0.2459016393442623,0.2018533318426622,0.25,0.2789115646258503
Lantana Mob,0.25,0.14621863039059385,0.25,0.2564102564102564
Last Tycoon,0.2756598240469208,0.23667045535093162,0.2958801498127341,0.17307692307692307
Law Society,0.2777777777777778,0.12377091476954695,0.3076923076923077,0.2727272727272727
Lawman,0.1935483870967742,0.09087405970502127,0.23076923076923078,0.16666666666666666
Lawyer Ron,0.18181818181818182,0.06780647293683403,0.2222222222222222,0.2
Le Havre,0.28,0.20905964867674945,0.3,0.2903225806451613
Lea,0.5,0.27124991407766885,0.5,0.5
Lear Fan,0.2264808362369338,0.18701685850585525,0.263681592039801,0.13793103448275862
Lemon Drop Kid,0.2283464566929134,0.18634842138695154,0.10294117647058823,0.2789473684210526
Leo Castelli,0.12195121951219512,0.05057032834082581,0.09523809523809523,0.18518518518518517
Leroidesanimaux,0.25,0.16857993160600088,0.20689655172413793,0.2826086956521739
Lesotho,0.25,0.05337550047023718,0.25,0.25
Liaison,0.18181818181818182,0.03677143788746509,0.2222222222222222,0.2222222222222222
Liam's Map,0.2553191489361702,0.1579621504621581,0.13636363636363635,0.34375
Lightnin N Thunder,0.14285714285714285,0.02805337732017585,0.2222222222222222,0.16666666666666666
Lilbourne Lad,0.25,0.05337550047023718,0.25,0.25
Limehouse,0.21739130434782608,0.09410939841509938,0.25,0.22727272727272727
Linamix,0.1111111111111111,0.021317626921521112,0.13333333333333333,0.2
Lion Cavern,0.22448979591836735,0.15882149462718495,0.23529411764705882,0.22535211267605634
Lion Heart,0.288135593220339,0.19614242003272683,0.18181818181818182,0.3090909090909091
Lit de Justice,0.15384615384615385,0.030460165659137187,0.16666666666666666,0.25
Lite the Fuse,0.35294117647058826,0.17776585168758843,0.2727272727272727,0.38461538461538464
Lively One,0.2222222222222222,0.1361598161012034,0.21428571428571427,0.24242424242424243
Llandaff,0.13636363636363635,0.040099536297474425,0.2,0.15789473684210525
Lomitas,0.2222222222222222,0.10559644892751713,0.2,0.2857142857142857
Lomond,0.14705882352941177,0.08327137347453031,0.21428571428571427,0.09090909090909091
Lonhro,0.3125,0.23048006092923284,0.3275862068965517,0.27586206896551724
Lookin At Lucky,0.25,0.07882004566602895,0.25,0.2727272727272727
Loosen Up,0.18181818181818182,0.03677143788746509,0.18181818181818182,0.18181818181818182
Lope de Vega,0.24324324324324326,0.13708084518354055,0.2727272727272727,0.18181818181818182
Lord At War,0.21052631578947367,0.07969540880247418,0.23076923076923078,0.23076923076923078
Lord Avie,0.275,0.1669359451315326,0.29411764705882354,0.26666666666666666
Lord Ballina,0.25,0.05337550047023718,0.25,0.25
Lord Bud,0.25,0.05337550047023718,0.25,0.25
Lord Carson,0.2,0.06110292885897761,0.18181818181818182,0.2727272727272727
Lord Kanaloa,0.2857142857142857,0.156819022137558,0.32,0.2
Lord Nelson,0.14285714285714285,0.04216940788577861,0.17647058823529413,0.18181818181818182
Lord Shanakill,0.1875,0.05684686759024681,0.25,0.18181818181818182
Lord of England,0.14285714285714285,0.04216940788577861,0.17647058823529413,0.18181818181818182
Lost Code,0.29896907216494845,0.2252886639303999,0.22580645161290322,0.3188405797101449
Louis Quatorze,0.3055555555555556,0.18729874031916338,0.2777777777777778,0.32
Loup Solitaire,0.25,0.05337550047023718,0.25,0.25
Lucky Pulpit,0.25,0.07882004566602895,0.25,0.25
Lujain,0.18181818181818182,0.03677143788746509,0.25,0.2
Lure,0.35714285714285715,0.2735762092849277,0.375,0.2962962962962963
Lycius,0.2605633802816901,0.20214104864523139,0.2191780821917808,0.3150684931506849
Lyphard,0.32075471698113206,0.2691118592324677,0.35359116022099446,0.15789473684210525
Lyphard's Wish,0.2608695652173913,0.12603399790646957,0.1875,0.2608695652173913
Machiavellian,0.3080357142857143,0.27268603757372484,0.29914529914529914,0.330188679245283
Macho Uno,0.25663716814159293,0.1918550891109331,0.20588235294117646,0.27906976744186046
Maclean's Music,0.2962962962962963,0.19940428213320147,0.13333333333333333,0.34782608695652173
Magical Wonder,0.23076923076923078,0.07187025554226983,0.25,0.25
Magician,0.29545454545454547,0.18900882145510087,0.29545454545454547,0.29545454545454547
Majestic Light,0.25675675675675674,0.17763707118726638,0.2727272727272727,0.2777777777777778
Majestic Warrior,0.5,0.3945840685285666,0.4166666666666667,0.5116279069767442
Majesticperfection,0.15625,0.06578047054601774,0.23809523809523808,0.1111111111111111
Major Impact,0.15384615384615385,0.030460165659137187,0.2222222222222222,0.18181818181818182
Make Believe,0.25,0.05337550047023718,0.25,0.25
Makfi,0.42857142857142855,0.2586506097489123,0.42857142857142855,0.42857142857142855
Malibu Moon,0.25227963525835867,0.2138207799602944,0.19791666666666666,0.2703862660944206
Mandalus,0.375,0.1287563928042427,0.375,0.375
Manduro,0.18840579710144928,0.11695335483585208,0.16363636363636364,0.2857142857142857
Mane Minister,0.25,0.05337550047023718,0.25,0.25
Manila,0.28888888888888886,0.21344859331732993,0.2916666666666667,0.28
Marauding,0.16666666666666666,0.033319217684229845,0.2222222222222222,0.2
Maria's Mon,0.20168067226890757,0.14438876391205485,0.16216216216216217,0.22093023255813954
Marignan,0.4,0.2060733359059128,0.25,0.42857142857142855
Marju,0.2765957446808511,0.17597924291046177,0.30952380952380953,0.18181818181818182
Mark of Esteem,0.14,0.06901804007508298,0.16,0.13333333333333333
Marlin,0.1724137931034483,0.07311377147684749,0.17391304347826086,0.23076923076923078
Marquetry,0.18253968253968253,0.12914404172396932,0.08695652173913043,0.20909090909090908
Marscay,0.14893617021276595,0.07366525691598655,0.21052631578947367,0.14285714285714285
Masar,0.2222222222222222,0.046389263979611135,0.2222222222222222,0.2222222222222222
Master Command,0.2558139534883721,0.1543602292000113,0.23529411764705882,0.28125
Mastercraftsman,0.23076923076923078,0.14174797007083445,0.18421052631578946,0.3333333333333333
Mastery,0.47619047619047616,0.3019539112864935,0.47619047619047616,0.47619047619047616
Mayson,0.25,0.14621863039059385,0.2727272727272727,0.21428571428571427
Mazel Trick,0.35,0.23174712512383577,0.2727272727272727,0.3611111111111111
Meadowlake,0.25245098039215685,0.21781631758647407,0.16822429906542055,0.28338762214983715
Medaglia d'Oro,0.25526932084309134,0.22126198035050867,0.30405405405405406,0.2323943661971831
Medallist,0.15789473684210525,0.04702488429256185,0.2222222222222222,0.17647058823529413
Medicean,0.24858757062146894,0.1969500948828807,0.16883116883116883,0.31
Mendelssohn,0.3235294117647059,0.19947649517749874,0.18181818181818182,0.36666666666666664
Menifee,0.3333333333333333,0.1863438032171108,0.2222222222222222,0.38095238095238093
Mi Cielo,0.2348993288590604,0.18003734597557278,0.211864406779661,0.28125
Mi Preferido,0.2222222222222222,0.046389263979611135,0.2222222222222222,0.2222222222222222
Midnight Lute,0.25862068965517243,0.19445284789178746,0.19444444444444445,0.24615384615384617
Midshipman,0.1590909090909091,0.07898431782674063,0.11764705882352941,0.21875
Midyan,0.25,0.05337550047023718,0.25,0.25
Miesque's Son,0.13333333333333333,0.048520077141429176,0.16666666666666666,0.15789473684210525
Mikki Isle,0.2,0.041023167506996534,0.2,0.2
Millennium Wind,0.11764705882352941,0.022678782722445716,0.18181818181818182,0.15384615384615385
Miner's Mark,0.25,0.05337550047023718,0.25,0.25
Mineshaft,0.30526315789473685,0.25162590284361586,0.14814814814814814,0.34146341463414637
Mining,0.3017241379310345,0.2338879798051763,0.23214285714285715,0.38461538461538464
Mister Baileys,0.1694915254237288,0.09663499174794525,0.19607843137254902,0.15384615384615385
Miswaki,0.2995720399429387,0.2714606353176216,0.29973474801061006,0.3018292682926829
Mitole,0.2222222222222222,0.046389263979611135,0.2222222222222222,0.2222222222222222
Mizzen Mast,0.3017241379310345,0.2338879798051763,0.2631578947368421,0.3333333333333333
Mogambo,0.46875,0.3267393648975071,0.25,0.4838709677419355
Mohaymen,0.34146341463414637,0.22553245189072227,0.3684210526315789,0.3103448275862069
Monarchos,0.27450980392156865,0.17790319764431659,0.23076923076923078,0.28888888888888886
Monashee Mountain,0.18181818181818182,0.03677143788746509,0.18181818181818182,0.18181818181818182
Monsieur Bond,0.25,0.05337550047023718,0.25,0.25
Monsun,0.30303030303030304,0.18038450483604973,0.3125,0.25
Montbrook,0.1836734693877551,0.10145728414317046,0.3,0.17391304347826086
Montjeu,0.23448275862068965,0.19468961612262994,0.2131979695431472,0.2808988764044944
Mor Spirit,0.35294117647058826,0.17776585168758843,0.35294117647058826,0.35294117647058826
More Than Ready,0.23741007194244604,0.20390366069620275,0.20930232558139536,0.2517241379310345
Moscow Ballet,0.16666666666666666,0.033319217684229845,0.2222222222222222,0.2
Most Welcome,0.25,0.05337550047023718,0.25,0.25
Motivator,0.22857142857142856,0.15119141262906324,0.23529411764705882,0.23076923076923078
Mountain Cat,0.23195876288659795,0.18384706445736537,0.2235294117647059,0.24561403508771928
Mozart,0.15384615384615385,0.07107138201019697,0.17142857142857143,0.18181818181818182
Mr. Greeley,0.2906764168190128,0.25920820045239173,0.2621359223300971,0.31044776119402984
Mr. Leader,0.3409090909090909,0.22881410274479042,0.2916666666666667,0.37037037037037035
Mr. Prospector,0.3489736070381232,0.307080402085339,0.32142857142857145,0.3951612903225806
Mshawish,0.13636363636363635,0.040099536297474425,0.1875,0.15384615384615385
Mt. Livermore,0.27586206896551724,0.24580459623676587,0.2283464566929134,0.31962025316455694
Mtoto,0.17391304347826086,0.11940303631766944,0.16853932584269662,0.21212121212121213
Mucho Macho Man,0.3333333333333333,0.13507547291964123,0.3333333333333333,0.3333333333333333
Mud Route,0.2222222222222222,0.046389263979611135,0.25,0.25
Muhaarar,0.16666666666666666,0.033319217684229845,0.2222222222222222,0.2
Muhtathir,0.2682926829268293,0.16252149828879844,0.21428571428571427,0.23333333333333334
Mujadil,0.3333333333333333,0.19396044933868256,0.3333333333333333,0.3076923076923077
Mujtahid,0.2698412698412698,0.18285131638018398,0.29545454545454547,0.23809523809523808
Mukaddamah,0.4827586206896552,0.3330903568295105,0.3157894736842105,0.5882352941176471
Mukhadram,0.2222222222222222,0.046389263979611135,0.2222222222222222,0.2222222222222222
Munnings,0.2,0.11511778788586442,0.2,0.19230769230769232
Mutakddim,0.18796992481203006,0.13522845616983384,0.21739130434782608,0.16901408450704225
Myboycharlie,0.08333333333333333,0.015674071195156656,0.11764705882352941,0.14285714285714285
Mystery Storm,0.16666666666666666,0.033319217684229845,0.18181818181818182,0.25
Mythical Ruler,0.13333333333333333,0.025999332600867814,0.2222222222222222,0.15384615384615385
Nabeel Dancer,0.2777777777777778,0.12377091476954695,0.3333333333333333,0.23076923076923078
Nadeem,0.16666666666666666,0.033319217684229845,0.18181818181818182,0.25
Naevus,0.10526315789473684,0.047700428461883486,0.17647058823529413,0.10638297872340426
Najran,0.23529411764705882,0.0902524330304275,0.2222222222222222,0.26666666666666666
Namaqualand,0.22340425531914893,0.15657846523762525,0.21794871794871795,0.2608695652173913
Nashwan,0.2777777777777778,0.20959265719821318,0.3108108108108108,0.25
Nathaniel,0.11475409836065574,0.05605488163550019,0.14893617021276595,0.09523809523809523
Native Prospector,0.16666666666666666,0.033319217684229845,0.25,0.18181818181818182
Naturalism,0.2,0.041023167506996534,0.2,0.2
Nayef,0.25,0.05337550047023718,0.25,0.25
Neorealism,0.2222222222222222,0.046389263979611135,0.2222222222222222,0.2222222222222222
Never Tabled,0.21428571428571427,0.06604956721630965,0.25,0.23076923076923078
New Approach,0.26229508196721313,0.19931650682840094,0.27848101265822783,0.24
New Bay,0.25,0.13540058475837882,0.2857142857142857,0.18181818181818182
Nicobar,0.25,0.05337550047023718,0.25,0.25
Nicolotte,0.2222222222222222,0.046389263979611135,0.2222222222222222,0.2222222222222222
Night Shift,0.23076923076923078,0.161997236989676,0.20833333333333334,0.26
Night of Thunder,0.18181818181818182,0.06780647293683403,0.3076923076923077,0.125
Nijinsky,0.21621621621621623,0.11567352066097641,0.23529411764705882,0.2
Nikos,0.2222222222222222,0.046389263979611135,0.2222222222222222,0.2222222222222222
Niniski,0.20689655172413793,0.09768235475349941,0.19047619047619047,0.2857142857142857
No Nay Never,0.2839506172839506,0.20513781832965935,0.3114754098360656,0.2222222222222222
Noble Mission,0.10256410256410256,0.03676297573102915,0.1,0.15384615384615385
Noonmark,0.25,0.05337550047023718,0.25,0.25
North Light,0.2222222222222222,0.046389263979611135,0.2222222222222222,0.2222222222222222
Northern Afleet,0.29545454545454547,0.18900882145510087,0.14285714285714285,0.35135135135135137
Northern Baby,0.28846153846153844,0.19084592879919893,0.24,0.3235294117647059
Northern Flagship,0.35,0.23174712512383577,0.25,0.358974358974359
Northern Jove,0.37209302325581395,0.2555741216689382,0.16666666666666666,0.4444444444444444
Northern Prospect,0.18181818181818182,0.03677143788746509,0.2222222222222222,0.2222222222222222
Northern Spur,0.18181818181818182,0.03677143788746509,0.18181818181818182,0.18181818181818182
Not For Love,0.48,0.31942102236108094,0.2222222222222222,0.5217391304347826
Notnowcato,0.2222222222222222,0.046389263979611135,0.25,0.25
Noverre,0.25,0.05337550047023718,0.25,0.25
Numerous,0.1875,0.05684686759024681,0.16666666666666666,0.2727272727272727
Nureyev,0.3523238380809595,0.32217345299212746,0.3558139534883721,0.3389830508474576
Nyquist,0.32142857142857145,0.1862198556743343,0.18181818181818182,0.375
O'Reilly,0.25,0.05337550047023718,0.25,0.25
Oasis Dream,0.28,0.21623818912492518,0.14705882352941177,0.3368421052631579
Observatory,0.18518518518518517,0.07898571028519465,0.22727272727272727,0.16666666666666666
Ocean Park,0.2222222222222222,0.046389263979611135,0.2222222222222222,0.2222222222222222
Octagonal,0.2727272727272727,0.08726443391415033,0.2727272727272727,0.2727272727272727
Officer,0.28431372549019607,0.2136493733643466,0.19148936170212766,0.3548387096774194
Ogygian,0.29321663019693656,0.2587446115592215,0.2485207100591716,0.3174061433447099
Old Fashioned,0.38461538461538464,0.26138431976812754,0.15384615384615385,0.45454545454545453
Old Trieste,0.1651376146788991,0.11057939345682942,0.13513513513513514,0.20588235294117646
Old Vic,0.18840579710144928,0.11695335483585208,0.16666666666666666,0.25
Olmodavor,0.25,0.05337550047023718,0.25,0.25
Olympic Glory,0.2857142857142857,0.11266578079028225,0.2,0.36363636363636365
Olympio,0.3783783783783784,0.2526516784406981,0.23076923076923078,0.43478260869565216
Omnicorp,0.34782608695652173,0.19556261654815535,0.35294117647058826,0.2
On Target,0.2222222222222222,0.046389263979611135,0.2222222222222222,0.2222222222222222
One Cool Cat,0.2,0.041023167506996534,0.2222222222222222,0.25
Onemorenomore,0.25,0.05337550047023718,0.25,0.25
Open Forum,0.5,0.2999864741377703,0.375,0.4666666666666667
Opening Verse,0.2222222222222222,0.046389263979611135,0.2222222222222222,0.2222222222222222
Opera House,0.2222222222222222,0.046389263979611135,0.25,0.25
Optimizer,0.43478260869565216,0.27131319030981726,0.45454545454545453,0.25
Oratorio,0.13636363636363635,0.06255561501014563,0.15384615384615385,0.15789473684210525
Orb,0.19607843137254902,0.11272161341407588,0.14285714285714285,0.22727272727272727
Orfevre,0.18181818181818182,0.03677143788746509,0.2,0.25
Orientate,0.3081761006289308,0.24951326206421384,0.2903225806451613,0.3173076923076923
Orpen,0.25,0.05337550047023718,0.25,0.25
Oscar Performance,0.2608695652173913,0.12603399790646957,0.2727272727272727,0.25
Our Emblem,0.3,0.17246481940361086,0.23076923076923078,0.3181818181818182
Our Native,0.2,0.041023167506996534,0.2,0.2
Out of Place,0.17307692307692307,0.09527199814092947,0.18181818181818182,0.19444444444444445
Outofthebox,0.1875,0.05684686759024681,0.2,0.23076923076923078
Outstrip,0.21052631578947367,0.07969540880247418,0.2727272727272727,0.2
Overanalyze,0.22916666666666666,0.13715198442703355,0.2222222222222222,0.25
Overdriven,0.22727272727272727,0.09884352959849337,0.1875,0.3076923076923077
Paco Boy,0.25,0.05337550047023718,0.25,0.25
Paddy O'Prado,0.12121212121212122,0.043845444092624405,0.14285714285714285,0.16666666666666666
Palace,0.2,0.041023167506996534,0.25,0.2222222222222222
Palace Malice,0.3142857142857143,0.19319475845268125,0.3684210526315789,0.2608695652173913
Palace Music,0.19047619047619047,0.11565227765067476,0.19148936170212766,0.3125
Panis,0.13333333333333333,0.025999332600867814,0.16666666666666666,0.2
Parading,0.2549019607843137,0.1611745965307894,0.2222222222222222,0.2653061224489796
Peace Rules,0.26666666666666666,0.10404730759236569,0.2222222222222222,0.3076923076923077
Peaks and Valleys,0.25,0.18666398188433764,0.25,0.2542372881355932
Peintre Celebre,0.203125,0.12659688075106762,0.21739130434782608,0.2
Pennekamp,0.12121212121212122,0.043845444092624405,0.19047619047619047,0.10526315789473684
Pentelicus,0.4,0.2688409465649653,0.36363636363636365,0.4
Pentire,0.12121212121212122,0.043845444092624405,0.1111111111111111,0.25
Perfect Soul,0.19444444444444445,0.09782836842691164,0.21428571428571427,0.20689655172413793
Perfectly Ready,0.2222222222222222,0.046389263979611135,0.2222222222222222,0.2222222222222222
Persian Bold,0.2490974729241877,0.2074768021719077,0.26693227091633465,0.12121212121212122
Personal Escort,0.2222222222222222,0.046389263979611135,0.2222222222222222,0.2222222222222222
Personal Flag,0.25,0.05337550047023718,0.25,0.25
Personal Hope,0.5238095238095238,0.39769829209250224,0.45714285714285713,0.5714285714285714
Perugino,0.18181818181818182,0.03677143788746509,0.2222222222222222,0.18181818181818182
Peruvian,0.2222222222222222,0.11914399458890375,0.18181818181818182,0.3125
Peteski,0.29411764705882354,0.17455289479221658,0.32142857142857145,0.23076923076923078
Petionville,0.125,0.024225732468536623,0.25,0.13333333333333333
Petong,0.34375,0.21336046293527158,0.2,0.43478260869565216
Petorius,0.14285714285714285,0.052233240682168613,0.17391304347826086,0.16666666666666666
Petoski,0.125,0.024225732468536623,0.13333333333333333,0.25
Phone Trick,0.2912280701754386,0.247877882679229,0.25757575757575757,0.30357142857142855
Pine Bluff,0.31007751937984496,0.24503804142565352,0.21052631578947367,0.38666666666666666
Pins,0.375,0.1287563928042427,0.375,0.375
Pioneering,0.1,0.019033120121624,0.15384615384615385,0.14285714285714285
Pioneerof the Nile,0.25980392156862747,0.2107848384444113,0.17307692307692307,0.2875816993464052
Pivotal,0.25748502994011974,0.20367774871552138,0.24691358024691357,0.26881720430107525
Pleasant Colony,0.21171171171171171,0.16822705251320563,0.13414634146341464,0.264
Pleasant Tap,0.32558139534883723,0.2681360243947729,0.38202247191011235,0.2857142857142857
Pleasantly Perfect,0.23809523809523808,0.13871915579652952,0.25,0.24324324324324326
Poet's Voice,0.2777777777777778,0.12377091476954695,0.26666666666666666,0.3
Point Given,0.2857142857142857,0.20807190038849283,0.10526315789473684,0.34285714285714286
Point of Entry,0.33858267716535434,0.27122522567920576,0.3950617283950617,0.2608695652173913
Polar Falcon,0.10344827586206896,0.029847073559198096,0.125,0.1875
Poliglote,0.21428571428571427,0.06604956721630965,0.18181818181818182,0.3
Polish Navy,0.2127659574468085,0.14731093560454656,0.19230769230769232,0.22666666666666666
Polish Numbers,0.2727272727272727,0.08726443391415033,0.25,0.3
Polish Precedent,0.2857142857142857,0.22173827893750814,0.29545454545454547,0.2619047619047619
Pomeroy,0.17391304347826086,0.06459561534990062,0.25,0.18181818181818182
Posen,0.16216216216216217,0.07516516931350613,0.20689655172413793,0.13333333333333333
Posse,0.23076923076923078,0.12949772490069086,0.15384615384615385,0.2727272727272727
Postponed,0.09090909090909091,0.01719099663247961,0.13333333333333333,0.14285714285714285
Pour Moi,0.14285714285714285,0.04216940788577861,0.15789473684210525,0.25
Practical Joke,0.2830188679245283,0.18697167928764252,0.3,0.26666666666666666
Precise End,0.2891566265060241,0.21073054751679793,0.32432432432432434,0.2692307692307692
Preferment,0.18181818181818182,0.03677143788746509,0.18181818181818182,0.18181818181818182
Premiership,0.2,0.09415502607649036,0.16666666666666666,0.2631578947368421
Pride Of Dubai,0.25,0.05337550047023718,0.25,0.25
Priolo,0.3333333333333333,0.1111127066076292,0.3333333333333333,0.3333333333333333
Private Account,0.24390243902439024,0.17003608949356364,0.2777777777777778,0.20588235294117646
Private Terms,0.10714285714285714,0.04858785043494263,0.1724137931034483,0.1
Prized,0.20833333333333334,0.08980907509868714,0.21428571428571427,0.23529411764705882
Proper Reality,0.16666666666666666,0.033319217684229845,0.2222222222222222,0.2
Proud Citizen,0.23655913978494625,0.16778641720127094,0.18421052631578946,0.27419354838709675
Puissance,0.21052631578947367,0.07969540880247418,0.18181818181818182,0.26666666666666666
Pulpit,0.257372654155496,0.22093645489943461,0.18888888888888888,0.28222996515679444
Pure Prize,0.22413793103448276,0.14050454826526915,0.2,0.23636363636363636
Purge,0.09523809523809523,0.018065203085418632,0.18181818181818182,0.11764705882352941
Put It Back,0.41025641025641024,0.28483332652215776,0.4117647058823529,0.3333333333333333
Pyro,0.35714285714285715,0.16565942671507178,0.35714285714285715,0.35714285714285715
Quality Road,0.34285714285714286,0.26872149583077554,0.14285714285714285,0.3673469387755102
Quest for Fame,0.3090909090909091,0.21152767009751106,0.4,0.21875
Quiet American,0.2,0.14421645093894706,0.10526315789473684,0.24468085106382978
Race Day,0.36,0.2115655571970286,0.25,0.375
Rahy,0.26676384839650147,0.23939856106598922,0.24181360201511334,0.30714285714285716
Rainbow Quest,0.28125,0.22454057180493905,0.3,0.14285714285714285
Rainbows for Life,0.2,0.041023167506996534,0.2222222222222222,0.25
Random Chance,0.2222222222222222,0.046389263979611135,0.2222222222222222,0.2222222222222222
Raven's Pass,0.28888888888888886,0.21344859331732993,0.30434782608695654,0.25
Read the Footnotes,0.38095238095238093,0.21706858937007417,0.3333333333333333,0.3684210526315789
Ready's Image,0.25,0.12021457475376468,0.36363636363636365,0.2
Real Quiet,0.22388059701492538,0.14562568085293237,0.16666666666666666,0.25
Real Shadai,0.3333333333333333,0.13507547291964123,0.2727272727272727,0.375
Red Bullet,0.14285714285714285,0.02805337732017585,0.25,0.16666666666666666
Red Ransom,0.269774011299435,0.24272833002506616,0.2806603773584906,0.254416961130742
Redoute's Choice,0.3177966101694915,0.26892759482488515,0.3229166666666667,0.3125
Reference Point,0.2542372881355932,0.1666806343409315,0.25925925925925924,0.25
Refuse To Bend,0.10526315789473684,0.03778001026592486,0.13636363636363635,0.13043478260869565
Regal Classic,0.20833333333333334,0.08980907509868714,0.2,0.25
Regal Ransom,0.38235294117647056,0.2511079286031341,0.3939393939393939,0.25
Regal Search,0.21428571428571427,0.1195791494584544,0.15384615384615385,0.25
Relaunch,0.323943661971831,0.26098685479484884,0.2716049382716049,0.36666666666666664
Reliable Man,0.2,0.041023167506996534,0.2222222222222222,0.25
Renat,0.25,0.05337550047023718,0.25,0.25
Restless Con,0.25,0.05337550047023718,0.25,0.25
Revoque,0.25,0.05337550047023718,0.25,0.25
Rhythm,0.2222222222222222,0.046389263979611135,0.2222222222222222,0.2222222222222222
Ribchester,0.18181818181818182,0.03677143788746509,0.18181818181818182,0.18181818181818182
Rich Man's Gold,0.25,0.05337550047023718,0.25,0.25
Rigoletto,0.3333333333333333,0.16636269171015386,0.3125,0.3333333333333333
Rio de La Plata,0.29411764705882354,0.13211096575490608,0.3333333333333333,0.2222222222222222
Rip Van Winkle,0.125,0.024225732468536623,0.14285714285714285,0.2222222222222222
Risen Star,0.3055555555555556,0.18729874031916338,0.23076923076923078,0.3448275862068966
River Special,0.17647058823529413,0.05314598448266387,0.2727272727272727,0.15384615384615385
Riverman,0.22784810126582278,0.1547801794400439,0.225,0.2391304347826087
Rizzi,0.2421875,0.18249299968132573,0.275,0.23655913978494625
Roanoke,0.2727272727272727,0.08726443391415033,0.25,0.3
Roar,0.18181818181818182,0.10405927140539496,0.21052631578947367,0.18604651162790697
Roaring Lion,0.26666666666666666,0.10404730759236569,0.2857142857142857,0.25
Robin des Pins,0.14285714285714285,0.02805337732017585,0.2,0.18181818181818182
Robyn Dancer,0.275,0.1669359451315326,0.25,0.2857142857142857
Rock Hard Ten,0.2727272727272727,0.193219203098936,0.3142857142857143,0.24489795918367346
Rock Hopper,0.21875,0.13964070700460193,0.2,0.22950819672131148
Rock of Gibraltar,0.2814814814814815,0.24538733834392312,0.27596439169139464,0.2608695652173913
Rockport Harbor,0.175,0.11043932259326164,0.2,0.21428571428571427
Rodwell,0.4230769230769231,0.26985305870624693,0.2222222222222222,0.4583333333333333
Roi Danzig,0.18181818181818182,0.03677143788746509,0.25,0.2
Roman Ruler,0.3933333333333333,0.32873652938326214,0.25925925925925924,0.4153846153846154
Roughcast,0.25,0.05337550047023718,0.25,0.25
Rousillon,0.30303030303030304,0.18038450483604973,0.2857142857142857,0.3157894736842105
Roy,0.25,0.05337550047023718,0.25,0.25
Royal Academy,0.276536312849162,0.23842233596624673,0.2755102040816326,0.2827586206896552
Royal Applause,0.08823529411764706,0.025238919183496494,0.13043478260869565,0.13333333333333333
Rubiano,0.29398663697104677,0.25918513724739123,0.2653061224489796,0.30976430976430974
Rubiton,0.25,0.05337550047023718,0.25,0.25
Rudimentary,0.21428571428571427,0.10148495300353262,0.22727272727272727,0.23076923076923078
Rulership,0.2857142857142857,0.156819022137558,0.2962962962962963,0.25
Run Away and Hide,0.3409090909090909,0.22881410274479042,0.3076923076923077,0.37142857142857144
Runaway Groom,0.23170731707317074,0.15938644372402286,0.3076923076923077,0.1388888888888889
Runhappy,0.21621621621621623,0.11567352066097641,0.25,0.2222222222222222
Running Stag,0.19047619047619047,0.0713538843086182,0.2,0.25
Sabmykaa,0.21052631578947367,0.112399968555299,0.19444444444444445,0.3333333333333333
Sackford,0.14285714285714285,0.02805337732017585,0.14285714285714285,0.14285714285714285
Saddlers' Hall,0.28,0.1456864802880364,0.18181818181818182,0.3333333333333333
Sadler's Wells,0.289760348583878,0.25549270415491665,0.25949367088607594,0.35570469798657717
Sahm,0.4,0.168750495987324,0.4,0.4
Saint Ballado,0.2991913746630728,0.26075886237792323,0.224,0.3401639344262295
Saint Liam,0.43902439024390244,0.31461315098999054,0.35294117647058826,0.45161290322580644
Sakhee,0.16666666666666666,0.033319217684229845,0.25,0.18181818181818182
Sakura Bakushin O,0.2558139534883721,0.1543602292000113,0.2558139534883721,0.2558139534883721
Salse,0.2,0.041023167506996534,0.2,0.2
Salt Dome,0.3888888888888889,0.2119081548195657,0.4117647058823529,0.25
Salt Lake,0.3159041394335512,0.28070880661472297,0.2077922077922078,0.3713355048859935
Samum,0.18181818181818182,0.03677143788746509,0.18181818181818182,0.18181818181818182
Sanglamore,0.18181818181818182,0.03677143788746509,0.25,0.2
Saratoga Six,0.38596491228070173,0.2830445266666458,0.2777777777777778,0.40476190476190477
Saumarez,0.16666666666666666,0.033319217684229845,0.2222222222222222,0.2
Savabeel,0.2222222222222222,0.046389263979611135,0.2222222222222222,0.2222222222222222
Saxon Warrior,0.22807017543859648,0.14312589478285526,0.2549019607843137,0.15384615384615385
Scat Daddy,0.2815533980582524,0.23135370106994335,0.30578512396694213,0.25
Scenic,0.08888888888888889,0.03165112061071553,0.12,0.1111111111111111
Scipion,0.15384615384615385,0.030460165659137187,0.18181818181818182,0.2222222222222222
Sea Hero,0.21212121212121213,0.14831170913172068,0.21428571428571427,0.22972972972972974
Sea The Moon,0.09090909090909091,0.026043046048517603,0.125,0.125
Sea The Stars,0.3710691823899371,0.3091599971375389,0.40145985401459855,0.20689655172413793
Sea of Secrets,0.40298507462686567,0.30673607582125917,0.23076923076923078,0.4262295081967213
Seattle Dancer,0.2692307692307692,0.22004226446212397,0.2809917355371901,0.24175824175824176
Seattle Slew,0.29365079365079366,0.26078295274819147,0.30293159609120524,0.2887700534759358
Seattle Song,0.16129032258064516,0.06805557358038451,0.2222222222222222,0.15
Sebring,0.20689655172413793,0.09768235475349941,0.2,0.23809523809523808
Second Empire,0.25,0.07882004566602895,0.2727272727272727,0.25
Second Set,0.2,0.041023167506996534,0.2222222222222222,0.25
Secret Hello,0.375,0.1287563928042427,0.375,0.375
Secret Savings,0.09523809523809523,0.018065203085418632,0.10526315789473684,0.2222222222222222
Secreto,0.19047619047619047,0.0713538843086182,0.16666666666666666,0.3
Seeking the Gold,0.3652094717668488,0.34145842411372573,0.3360488798370672,0.398989898989899
Selkirk,0.2661290322580645,0.2032978554847657,0.24742268041237114,0.2962962962962963
Sepoy,0.25,0.05337550047023718,0.25,0.25
Septieme Ciel,0.24528301886792453,0.1796735077390075,0.31343283582089554,0.15217391304347827
Service Stripe,0.16666666666666666,0.04989815455742298,0.2,0.2
Shaadi,0.21212121212121213,0.10744690708867487,0.23076923076923078,0.21428571428571427
Shackleford,0.22988505747126436,0.15976476323916802,0.16666666666666666,0.2571428571428571
Shadeed,0.1651376146788991,0.11057939345682942,0.14492753623188406,0.2127659574468085
Shakin It Up,0.2222222222222222,0.08464510203057857,0.26666666666666666,0.2
Shalaa,0.20754716981132076,0.12340331445708042,0.22727272727272727,0.1875
Shalford,0.25,0.05337550047023718,0.25,0.25
Shamardal,0.30313588850174217,0.2593720433064344,0.33678756476683935,0.2376237623762376
Shanghai Bobby,0.19047619047619047,0.12481750494444796,0.22950819672131148,0.14814814814814814
Shareef Dancer,0.375,0.1908646861741716,0.375,0.375
Sharp Azteca,0.1875,0.05684686759024681,0.1875,0.1875
Sharp Humor,0.3076923076923077,0.17030365397347064,0.2,0.34782608695652173
Sharp Victor,0.21428571428571427,0.06604956721630965,0.16666666666666666,0.3333333333333333
Sheikh Albadou,0.47619047619047616,0.35138460124590815,0.375,0.52
Shinko King,0.25,0.05337550047023718,0.25,0.25
Shirley Heights,0.26666666666666666,0.1453215823182127,0.2962962962962963,0.2
Shirocco,0.125,0.03651529972590258,0.15,0.18181818181818182
Sholokhov,0.25,0.05337550047023718,0.25,0.25
Shotiche,0.35714285714285715,0.16565942671507178,0.35714285714285715,0.35714285714285715
Show Dancer,0.1875,0.05684686759024681,0.2,0.23076923076923078
Showcasing,0.4090909090909091,0.2449944383083428,0.42105263157894735,0.3
Shuailaan,0.42857142857142855,0.2586506097489123,0.3333333333333333,0.46153846153846156
Shy Groom,0.25,0.05337550047023718,0.25,0.25
Sidney's Candy,0.25,0.12021457475376468,0.2,0.2857142857142857
Sikeston,0.11764705882352941,0.022678782722445716,0.16666666666666666,0.16666666666666666
Silvano,0.25,0.05337550047023718,0.25,0.25
Silver Charm,0.2882882882882883,0.22008666657165904,0.20588235294117646,0.28378378378378377
Silver Deputy,0.3279569892473118,0.2956464567914806,0.30845771144278605,0.34911242603550297
Silver Ghost,0.2636363636363636,0.19734404993645024,0.3108108108108108,0.1951219512195122
Silver Hawk,0.22664835164835165,0.20157494249006927,0.2469982847341338,0.11764705882352941
Silver Kite,0.13636363636363635,0.040099536297474425,0.16666666666666666,0.17647058823529413
Silver Train,0.21212121212121213,0.10744690708867487,0.25,0.21875
Singspiel,0.3196004993757803,0.29277187614120614,0.3359073359073359,0.2992125984251969
Sinndar,0.28,0.18173731733428033,0.2972972972972973,0.25
Siphon,0.24615384615384617,0.1865208177923698,0.29411764705882354,0.22093023255813954
Sir Cat,0.13636363636363635,0.040099536297474425,0.15789473684210525,0.2
Sir Percy,0.2727272727272727,0.08726443391415033,0.3333333333333333,0.2222222222222222
Sir Tristram,0.3,0.147469565559241,0.3157894736842105,0.25
Siyouni,0.31451612903225806,0.24791599341756346,0.3434343434343434,0.21875
Skip Away,0.3283582089552239,0.23761555794998862,0.3076923076923077,0.34285714285714286
Skip Trial,0.35714285714285715,0.16565942671507178,0.3,0.36363636363636365
Sky Classic,0.2,0.14199354816155604,0.1927710843373494,0.2
Sky Mesa,0.26804123711340205,0.19722368001569307,0.15,0.3037974683544304
Slade Power,0.2,0.06110292885897761,0.21428571428571427,0.25
Slew City Slew,0.36363636363636365,0.20574989875065308,0.38095238095238093,0.25
Slew o' Gold,0.25,0.05337550047023718,0.25,0.25
Slew o'Gold,0.27314814814814814,0.22460394529412478,0.2247191011235955,0.30597014925373134
Slewpy,0.36363636363636365,0.20574989875065308,0.25,0.4117647058823529
Slip Anchor,0.12121212121212122,0.043845444092624405,0.16666666666666666,0.125
Smackover Creek,0.15789473684210525,0.07306090228014599,0.15384615384615385,0.1875
Smadoun,0.3333333333333333,0.20049569764949937,0.3333333333333333,0.32142857142857145
Smart Missile,0.38461538461538464,0.2355861304012429,0.43478260869565216,0.25
Smart Strike,0.31155778894472363,0.28076576068101594,0.23481781376518218,0.3541666666666667
Smarty Jones,0.4189189189189189,0.35303420900590543,0.49019607843137253,0.375
Smile,0.2608695652173913,0.12603399790646957,0.21428571428571427,0.3125
Smoke Glacken,0.25806451612903225,0.1959553345591924,0.25,0.26262626262626265
Smooth Daddy,0.25,0.05337550047023718,0.25,0.25
Snippets,0.36,0.2115655571970286,0.2857142857142857,0.3888888888888889
Snitzel,0.275,0.1669359451315326,0.34375,0.13333333333333333
Snow Ridge,0.27906976744186046,0.17388565755244462,0.2222222222222222,0.2926829268292683
So You Think,0.2222222222222222,0.046389263979611135,0.2222222222222222,0.2222222222222222
Solar One,0.25,0.05337550047023718,0.25,0.25
Soldier Hollow,0.23076923076923078,0.07187025554226983,0.2727272727272727,0.2222222222222222
Soldier's Call,0.25,0.05337550047023718,0.25,0.25
Songandaprayer,0.2830188679245283,0.22601274812077757,0.2898550724637681,0.27835051546391754
Soto,0.2222222222222222,0.10559644892751713,0.2222222222222222,0.24
Southern Halo,0.22574257425742575,0.19579822328367424,0.17535545023696683,0.2677966101694915
Southern Image,0.06666666666666667,0.012393531326131366,0.2222222222222222,0.07142857142857142
Souvenir Copy,0.16666666666666666,0.04989815455742298,0.21428571428571427,0.25
Sovereign Dancer,0.281767955801105,0.22830589410214278,0.24444444444444444,0.3163265306122449
Soviet Lad,0.23529411764705882,0.0902524330304275,0.23529411764705882,0.23529411764705882
Soviet Star,0.3064516129032258,0.214518740575816,0.2682926829268293,0.37037037037037035
Spectacular Bid,0.2,0.041023167506996534,0.2,0.2
Spectacular Love,0.18181818181818182,0.06780647293683403,0.2,0.21428571428571427
Spectrum,0.2672413793103448,0.2022757743009415,0.28,0.1891891891891892
Speightstown,0.3408723747980614,0.30985186044880286,0.3391812865497076,0.34684684684684686
Spend a Buck,0.4117647058823529,0.30138437701979276,0.4523809523809524,0.25
Spinning World,0.27972027972027974,0.23702288125891358,0.26291079812206575,0.325
Sports View,0.18181818181818182,0.03677143788746509,0.18181818181818182,0.18181818181818182
Spring At Last,0.631578947368421,0.44595444164069953,0.631578947368421,0.631578947368421
Square Eddie,0.4117647058823529,0.22669156846628724,0.25,0.4375
Sri Pekan,0.2222222222222222,0.046389263979611135,0.25,0.25
St Patrick's Day,0.3,0.09774681343927576,0.25,0.3333333333333333
St. Jovite,0.09523809523809523,0.03401599112925994,0.11538461538461539,0.13043478260869565
Star Way,0.21052631578947367,0.07969540880247418,0.2,0.2857142857142857
Star Witness,0.25,0.05337550047023718,0.25,0.25
Star de Naskra,0.35789473684210527,0.2791050556797799,0.30357142857142855,0.41304347826086957
Starborough,0.25,0.05337550047023718,0.25,0.25
Starcraft,0.2222222222222222,0.046389263979611135,0.2222222222222222,0.2222222222222222
Starspangledbanner,0.2857142857142857,0.11266578079028225,0.3333333333333333,0.2222222222222222
Statoblest,0.2,0.06110292885897761,0.2222222222222222,0.23076923076923078
Statue of Liberty,0.2727272727272727,0.08726443391415033,0.2727272727272727,0.2727272727272727
Stay Thirsty,0.15384615384615385,0.030460165659137187,0.2,0.2
Steinlen,0.3157894736842105,0.1989850268815682,0.3225806451612903,0.18181818181818182
Stephen Got Even,0.29577464788732394,0.2346504408576375,0.2553191489361702,0.31
Stevie Wonderboy,0.29411764705882354,0.13211096575490608,0.25,0.3125
Stop the Music,0.21621621621621623,0.14258114372072914,0.24390243902439024,0.2
Storm Bird,0.2280130293159609,0.18971617338689628,0.281437125748503,0.17006802721088435
Storm Boot,0.2125,0.14200012771030743,0.14285714285714285,0.24242424242424243
Storm Cat,0.3292181069958848,0.30087555872910765,0.29793510324483774,0.3560606060606061
Storm Creek,0.21052631578947367,0.07969540880247418,0.21052631578947367,0.26666666666666666
Stormin Fever,0.2642857142857143,0.20515388543750848,0.27941176470588236,0.2777777777777778
Storming Home,0.1935483870967742,0.09087405970502127,0.17391304347826086,0.26666666666666666
Stormy Atlantic,0.27011494252873564,0.21643033619922775,0.3,0.18823529411764706
Straight Man,0.2222222222222222,0.10559644892751713,0.25,0.22727272727272727
Straight Strike,0.25,0.05337550047023718,0.25,0.25
Stravinsky,0.2669902912621359,0.2177183077894776,0.2872340425531915,0.25862068965517243
Strawberry Road,0.2222222222222222,0.08464510203057857,0.16666666666666666,0.3076923076923077
Street Boss,0.23529411764705882,0.14471815520804995,0.25,0.23684210526315788
Street Cry,0.2827586206896552,0.24019449388984018,0.25,0.2985781990521327
Street Sense,0.28321678321678323,0.24033984218998208,0.25,0.29130434782608694
Strike the Gold,0.13333333333333333,0.025999332600867814,0.18181818181818182,0.18181818181818182
Stroll,0.3,0.147469565559241,0.3,0.3
Strolling Along,0.4,0.2463886291190192,0.42105263157894735,0.3076923076923077
Strong Mandate,0.15384615384615385,0.030460165659137187,0.2222222222222222,0.18181818181818182
Study of Man,0.2222222222222222,0.046389263979611135,0.2222222222222222,0.2222222222222222
Stuka,0.25,0.05337550047023718,0.25,0.25
Stylish Century,0.17647058823529413,0.05314598448266387,0.2,0.2222222222222222
Suave,0.30434782608695654,0.15994130385511335,0.25,0.3181818181818182
Suave Dancer,0.25,0.14621863039059385,0.24,0.2727272727272727
Subordination,0.5365853658536586,0.408811820055281,0.2727272727272727,0.5675675675675675
Success Express,0.21428571428571427,0.06604956721630965,0.2,0.2727272727272727
Successful Appeal,0.3142857142857143,0.24214483096544331,0.16666666666666666,0.3404255319148936
Sultry Song,0.358974358974359,0.23831681964578214,0.2857142857142857,0.375
Summer Bird,0.13333333333333333,0.025999332600867814,0.13333333333333333,0.13333333333333333
Summer Front,0.3333333333333333,0.1527176223846631,0.3,0.3333333333333333
Summer Squall,0.2757009345794392,0.226778115999928,0.264,0.27848101265822783
Sunday Silence,0.358695652173913,0.27862257185642864,0.38961038961038963,0.18181818181818182
Sunny's Halo,0.3829787234042553,0.27034267186880523,0.41025641025641024,0.26666666666666666
Sunshine Forever,0.24444444444444444,0.18603311922221324,0.2702702702702703,0.16129032258064516
Super Saver,0.21212121212121213,0.13517131871635488,0.16666666666666666,0.1875
Supremo,0.24390243902439024,0.14236988285702093,0.23529411764705882,0.27586206896551724
Swain,0.3087557603686636,0.25829636119234023,0.3177083333333333,0.25806451612903225
Swiss Spirit,0.15384615384615385,0.030460165659137187,0.16666666666666666,0.25
Sword Dance,0.2604166666666667,0.19002979609301188,0.25,0.23333333333333334
Symboli Kris S,0.2,0.08588541243180764,0.15,0.3333333333333333
Tabasco Cat,0.2879581151832461,0.23548110706766606,0.34782608695652173,0.25
Tactical Cat,0.2,0.0752938165688757,0.25,0.14285714285714285
Take Charge Indy,0.24193548387096775,0.15810629176611304,0.14285714285714285,0.34285714285714286
Take Me Out,0.35714285714285715,0.24080895974915686,0.2857142857142857,0.4074074074074074
Tale of Ekati,0.25,0.14621863039059385,0.17647058823529413,0.3
Tale of the Cat,0.2695167286245353,0.23857128539767908,0.19444444444444445,0.2971576227390181
Talinum,0.1111111111111111,0.021317626921521112,0.1111111111111111,0.1111111111111111
Talk Is Money,0.23809523809523808,0.1040808359101361,0.25,0.2631578947368421
Talkin Man,0.2222222222222222,0.08464510203057857,0.23529411764705882,0.25
Tamayuz,0.29411764705882354,0.19488489725650174,0.28888888888888886,0.3076923076923077
Tanino Gimlet,0.3333333333333333,0.17731091757444914,0.35,0.25
Tank's Prospect,0.2222222222222222,0.046389263979611135,0.25,0.25
Tannenkonig,0.16666666666666666,0.04989815455742298,0.2,0.2
Tapit,0.34167893961708395,0.3120275786985944,0.310126582278481,0.35372848948374763
Tapiture,0.2222222222222222,0.046389263979611135,0.2222222222222222,0.2222222222222222
Tapizar,0.3037974683544304,0.2220843080993119,0.36363636363636365,0.3013698630136986
Tapwrit,0.2,0.041023167506996534,0.2,0.2
Tasso,0.2,0.041023167506996534,0.2,0.2
Tate Gallery,0.30434782608695654,0.15994130385511335,0.2222222222222222,0.25
Taufan,0.2777777777777778,0.16395695554403333,0.2857142857142857,0.25
Tavistock,0.1875,0.05684686759024681,0.2,0.25
Technology,0.0625,0.011585315861443594,0.10526315789473684,0.13333333333333333
Tejano,0.21428571428571427,0.06604956721630965,0.2222222222222222,0.25
Tel Quel,0.28,0.1456864802880364,0.3181818181818182,0.2
Temple City,0.358695652173913,0.27862257185642864,0.24324324324324326,0.41935483870967744
Tenby,0.2033898305084746,0.1239477312905018,0.1951219512195122,0.24
Teofilo,0.3333333333333333,0.2635734231471267,0.3523809523809524,0.21052631578947367
Territories,0.15384615384615385,0.030460165659137187,0.2222222222222222,0.18181818181818182
Thatching,0.43137254901960786,0.31982588860555,0.3125,0.4523809523809524
The Cliff's Edge,0.13333333333333333,0.025999332600867814,0.16666666666666666,0.2
The Deputy,0.2,0.041023167506996534,0.2222222222222222,0.25
The Factor,0.2777777777777778,0.20341122520916718,0.24193548387096775,0.34285714285714286
The Grey Gatsby,0.35294117647058826,0.17776585168758843,0.375,0.25
The Gurkha,0.2222222222222222,0.046389263979611135,0.25,0.25
The Minstrel,0.15384615384615385,0.030460165659137187,0.18181818181818182,0.2222222222222222
The Prime Minister,0.24,0.11491057056434226,0.25,0.25
The Wonder,0.2222222222222222,0.046389263979611135,0.2222222222222222,0.2222222222222222
Theatrical,0.24471299093655588,0.22257814158876335,0.2624113475177305,0.20848056537102475
Thewayyouare,0.15384615384615385,0.030460165659137187,0.25,0.16666666666666666
Thirty Six Red,0.42857142857142855,0.2801198182288483,0.4166666666666667,0.36363636363636365
Three Wonders,0.2727272727272727,0.15527756152988345,0.23076923076923078,0.2962962962962963
Thunder Gulch,0.2569832402234637,0.21982978806708667,0.21710526315789475,0.2863849765258216
Tiago,0.2,0.041023167506996534,0.25,0.2222222222222222
Tiger Hill,0.2857142857142857,0.19175375197988132,0.3055555555555556,0.21739130434782608
Tiger Ridge,0.3103448275862069,0.17907700513471883,0.25,0.32142857142857145
Timber Country,0.25,0.05337550047023718,0.25,0.25
Time for a Change,0.27638190954773867,0.225661046257899,0.25,0.2647058823529412
Tirol,0.36,0.2115655571970286,0.15384615384615385,0.47368421052631576
Tiz Wonderful,0.2727272727272727,0.19807813543269545,0.23529411764705882,0.28205128205128205
Tiznow,0.21266968325791855,0.1690109284009431,0.08196721311475409,0.26506024096385544
Tizway,0.13333333333333333,0.025999332600867814,0.14285714285714285,0.25
To Honor and Serve,0.3548387096774194,0.2210594498460135,0.18181818181818182,0.4074074074074074
Tobougg,0.23529411764705882,0.0902524330304275,0.23529411764705882,0.23529411764705882
Tonalist,0.22580645161290322,0.11498689556973869,0.2,0.25
Too Darn Hot,0.5,0.27124991407766885,0.5,0.5
Top Ville,0.2222222222222222,0.046389263979611135,0.2222222222222222,0.2222222222222222
Topanoora,0.13043478260869565,0.03822351100641794,0.15,0.2
Topsider,0.20454545454545456,0.11377161429728845,0.21052631578947367,0.21875
Torrential,0.15384615384615385,0.030460165659137187,0.2,0.2
Touch Gold,0.31555555555555553,0.2656418169481952,0.3434343434343434,0.29457364341085274
Towkay,0.3333333333333333,0.1111127066076292,0.3333333333333333,0.3333333333333333
Traditionally,0.13333333333333333,0.025999332600867814,0.2,0.16666666666666666
Trappe Shot,0.17647058823529413,0.08227530489017439,0.25,0.18181818181818182
Trempolino,0.23103448275862068,0.1914660184597468,0.2585034013605442,0.16
Tribal Rule,0.2,0.06110292885897761,0.23076923076923078,0.2222222222222222
Triple Buck,0.46153846153846156,0.24529980127412515,0.46153846153846156,0.46153846153846156
Trippi,0.36419753086419754,0.30314533096626994,0.3673469387755102,0.35833333333333334
Try My Best,0.21875,0.11108877125926007,0.2222222222222222,0.23333333333333334
Tunerup,0.4,0.28936208870913166,0.42857142857142855,0.26666666666666666
Turgeon,0.2608695652173913,0.16166218084282857,0.2926829268292683,0.16666666666666666
Turkoman,0.30158730158730157,0.21086761118982492,0.2,0.32727272727272727
Turtle Island,0.2647058823529412,0.150288266909378,0.2727272727272727,0.26666666666666666
Twilight Agenda,0.45,0.27394584508232006,0.45454545454545453,0.375
Twilight Son,0.2,0.041023167506996534,0.2,0.2
Twining,0.22727272727272727,0.16475536759791984,0.14705882352941177,0.275
Twirling Candy,0.52,0.35756395934652097,0.2727272727272727,0.5714285714285714
Two Punch,0.2727272727272727,0.20559022220155626,0.14285714285714285,0.3218390804597701
Two Timing,0.2727272727272727,0.13244818558662141,0.18181818181818182,0.3333333333333333
U S Navy Flag,0.16666666666666666,0.033319217684229845,0.2222222222222222,0.2
U S Ranger,0.25,0.07882004566602895,0.25,0.2727272727272727
Ultimate Eagle,0.18181818181818182,0.03677143788746509,0.18181818181818182,0.18181818181818182
Unaccounted For,0.3188405797101449,0.23023448623227252,0.21052631578947367,0.3508771929824561
Unbridled,0.2978723404255319,0.24989089736258344,0.2748091603053435,0.34615384615384615
Unbridled Energy,0.2222222222222222,0.046389263979611135,0.2222222222222222,0.2222222222222222
Unbridled's Song,0.2619047619047619,0.234433582264286,0.30272108843537415,0.2335958005249344
Uncaptured,0.19047619047619047,0.0713538843086182,0.2,0.2222222222222222
Uncle Mo,0.337037037037037,0.29049107863442736,0.2857142857142857,0.35784313725490197
Unfuwain,0.12,0.03495333483371806,0.12,0.09523809523809523
Unified,0.3076923076923077,0.12285066324360105,0.25,0.3333333333333333
Union Rags,0.3333333333333333,0.248531356225114,0.14285714285714285,0.390625
Up and At'em,0.3076923076923077,0.12285066324360105,0.3076923076923077,0.3076923076923077
Upstart,0.375,0.1908646861741716,0.375,0.375
Valiant Nature,0.28169014084507044,0.1980679444309493,0.15789473684210525,0.3220338983050847
Valid Appeal,0.19791666666666666,0.13510986506808115,0.19607843137254902,0.22916666666666666
Valid Expectations,0.3469387755102041,0.2397689553779489,0.3617021276595745,0.2222222222222222
Valid Wager,0.20689655172413793,0.09768235475349941,0.2,0.23076923076923078
Valley Crossing,0.25,0.05337550047023718,0.25,0.25
Value Plus,0.25,0.15058045613856946,0.17391304347826086,0.32142857142857145
Van Nistelrooy,0.09090909090909091,0.01719099663247961,0.13333333333333333,0.14285714285714285
Vanlandingham,0.18181818181818182,0.03677143788746509,0.18181818181818182,0.18181818181818182
Varick,0.18181818181818182,0.03677143788746509,0.25,0.2
Verglas,0.25,0.05337550047023718,0.25,0.25
Verrazano,0.25,0.13540058475837882,0.25,0.25806451612903225
Vettori,0.33783783783783783,0.2505005908143422,0.3409090909090909,0.3125
Vicar,0.16666666666666666,0.033319217684229845,0.18181818181818182,0.25
Vice Regent,0.2564102564102564,0.17925864218281803,0.18604651162790697,0.3333333333333333
Victoire Pisa,0.15384615384615385,0.030460165659137187,0.16666666666666666,0.25
Victory Dance,0.2222222222222222,0.046389263979611135,0.2222222222222222,0.2222222222222222
Victory Gallop,0.32242990654205606,0.270942209277906,0.30985915492957744,0.3288590604026846
Vindication,0.20075757575757575,0.16160385778393274,0.16455696202531644,0.22162162162162163
Violence,0.28888888888888886,0.21344859331732993,0.19230769230769232,0.32857142857142857
Virginia Rapids,0.375,0.1287563928042427,0.375,0.375
Viscount,0.18181818181818182,0.03677143788746509,0.18181818181818182,0.18181818181818182
Vision and Verse,0.2222222222222222,0.046389263979611135,0.2222222222222222,0.2222222222222222
Waajib,0.24786324786324787,0.18499563789486828,0.26744186046511625,0.20588235294117646
Wallenda,0.09090909090909091,0.01719099663247961,0.1111111111111111,0.18181818181818182
War Chant,0.36538461538461536,0.31694075288109186,0.4672131147540984,0.28
War Command,0.25806451612903225,0.14018509946776772,0.2857142857142857,0.2
War Emblem,0.125,0.024225732468536623,0.14285714285714285,0.2222222222222222
War Front,0.32727272727272727,0.25580772074400754,0.3050847457627119,0.32075471698113206
Warning,0.2713178294573643,0.20922364809342392,0.27,0.2777777777777778
Warrior's Reward,0.391304347826087,0.2768263271405558,0.2222222222222222,0.42857142857142855
Wekiva Springs,0.296875,0.20733924308562693,0.27586206896551724,0.30952380952380953
Well Decorated,0.4523809523809524,0.32866582116602666,0.16666666666666666,0.5135135135135135
West Coast,0.14285714285714285,0.02805337732017585,0.25,0.15384615384615385
West by West,0.2682926829268293,0.1915900598741124,0.18181818181818182,0.29850746268656714
Whipper,0.25,0.07882004566602895,0.375,0.18181818181818182
Whiskey Wisdom,0.25,0.05337550047023718,0.25,0.25
Whitesburg,0.2222222222222222,0.1419883664839793,0.2,0.23333333333333334
Whywhywhy,0.3333333333333333,0.16636269171015386,0.2222222222222222,0.375
Wiesenpfad,0.47368421052631576,0.2912010755267943,0.47368421052631576,0.47368421052631576
Wilburn,0.2222222222222222,0.046389263979611135,0.25,0.25
Wild Again,0.23872679045092837,0.21360497704844833,0.17391304347826086,0.27705627705627706
Wild Rush,0.30113636363636365,0.2457130551709065,0.28125,0.31092436974789917
Wild Zone,0.11764705882352941,0.022678782722445716,0.16666666666666666,0.16666666666666666
Wildcat Heir,0.28888888888888886,0.1844554411850152,0.25,0.35
Will Take Charge,0.4166666666666667,0.31434166749720527,0.2727272727272727,0.42857142857142855
Wind and Wuthering,0.16666666666666666,0.04989815455742298,0.2,0.2
Winrightt,0.17391304347826086,0.06459561534990062,0.18181818181818182,0.21052631578947367
With Approval,0.29004329004329005,0.24208151128908884,0.26666666666666666,0.3333333333333333
Woke Up Dreamin,0.2857142857142857,0.11266578079028225,0.2857142857142857,0.2857142857142857
Wolfhound,0.2,0.12176405685800538,0.2857142857142857,0.125
Woodman,0.2409337223843268,0.22669860150231785,0.236267870579383,0.23283261802575106
Wootton Bassett,0.23076923076923078,0.07187025554226983,0.23076923076923078,0.23076923076923078
Yankee Victor,0.27692307692307694,0.19032621899465915,0.25,0.29545454545454547
Yes It's True,0.28272251308900526,0.23057392309240907,0.13043478260869565,0.3081395348837209
Yonaguska,0.3125,0.18662163557046527,0.2222222222222222,0.3333333333333333
Yoshida,0.18181818181818182,0.03677143788746509,0.25,0.2
You and I,0.1111111111111111,0.021317626921521112,0.2222222222222222,0.14285714285714285
Zabeel,0.24242424242424243,0.13093293382275073,0.21428571428571427,0.36363636363636365
Zafonic,0.22268907563025211,0.17977591657506878,0.23308270676691728,0.21
Zagreb,0.2222222222222222,0.046389263979611135,0.2222222222222222,0.2222222222222222
Zamindar,0.18181818181818182,0.03677143788746509,0.2,0.25
Zeditave,0.34375,0.21336046293527158,0.34375,0.34375
Zenno Rob Roy,0.15384615384615385,0.030460165659137187,0.2,0.2
Zensational,0.46153846153846156,0.3611846749897267,0.4666666666666667,0.42857142857142855
Ziggy's Boy,0.42857142857142855,0.22395539421131921,0.42857142857142855,0.25
Zilzal,0.3076923076923077,0.17030365397347064,0.14285714285714285,0.42105263157894735
Zoffany,0.1702127659574468,0.08959302118954753,0.16666666666666666,0.2
Zoustar,0.3225806451612903,0.1933084211205931,0.3333333333333333,0.2727272727272727
アイシーグルーム,0.24695121951219512,0.20873435846962965,0.26490066225165565,0.2356687898089172
アイネスフウジン,0.23755047106325708,0.21959938309109686,0.1722689075630252,0.2720739219712526
アイノセントスキー,0.07608695652173914,0.03665795547571934,0.05,0.1206896551724138
アイファーソング,0.18840579710144928,0.11695335483585208,0.16666666666666666,0.22033898305084745
アイランドキング,0.1111111111111111,0.021317626921521112,0.14285714285714285,0.18181818181818182
アイランドハンター,0.08888888888888889,0.03165112061071553,0.16,0.08695652173913043
アイルトンシンボリ,0.13953488372093023,0.06409134273620848,0.14285714285714285,0.11764705882352941
アイルハヴアナザー,0.206401766004415,0.19543761346040828,0.17086330935251798,0.22321428571428573
アウザール,0.16578947368421051,0.1354775120963929,0.14,0.1888412017167382
アウトランセイコー,0.23076923076923078,0.07187025554226983,0.2222222222222222,0.2727272727272727
アエロプラーヌ,0.15,0.04446484244557773,0.15,0.15
アカデミック2,0.17647058823529413,0.1257176171575396,0.15714285714285714,0.09090909090909091
アカビール,0.1724137931034483,0.12766861421396894,0.16049382716049382,0.19
アグニシャイン,0.16666666666666666,0.04989815455742298,0.2222222222222222,0.1875
アグネスカミカゼ,0.20353982300884957,0.16111413505271882,0.2,0.2222222222222222
アグネスゴールド,0.19540229885057472,0.14815513753195142,0.23684210526315788,0.13432835820895522
アグネスタキオン,0.2699631143455289,0.2626987168859674,0.2721751638165255,0.26684931506849313
アグネスデジタル,0.21397640734657308,0.20578273431104074,0.19466541881141788,0.22469589166857928
アグネスフライト,0.1440922190201729,0.12659342676445481,0.13800424628450106,0.14258555133079848
アグネスプラネット,0.13333333333333333,0.025999332600867814,0.16666666666666666,0.2
アグネスワールド,0.1762917933130699,0.15244483402215817,0.19,0.1724137931034483
アケボノ2,0.25,0.05337550047023718,0.25,0.25
アサカシルバー,0.15384615384615385,0.030460165659137187,0.2222222222222222,0.18181818181818182
アサカホマレ,0.09210526315789473,0.04462776923727618,0.13636363636363635,0.07692307692307693
アサクサキングス,0.18024263431542462,0.15458616007384476,0.14285714285714285,0.20679012345679013
アサクサゴーフル,0.075,0.02129418961477661,0.13043478260869565,0.08695652173913043
アサクサデンエン,0.13432835820895522,0.11092120202728754,0.1015625,0.16058394160583941
アサティス,0.19616161616161615,0.18694914615325184,0.1312883435582822,0.2134891131173659
アサヒエンペラー,0.152317880794702,0.10712062182688456,0.15,0.1724137931034483
アジアエクスプレス,0.2218284904323175,0.20386773448298273,0.152317880794702,0.23022151898734178
アジュディケーティング,0.21052631578947367,0.20149119044562777,0.1594896331738437,0.22708485290542182
アジュディミツオー,0.047619047619047616,0.008736717389512755,0.15384615384615385,0.06060606060606061
アスカクリチャン,0.14646464646464646,0.10735568048842789,0.058823529411764705,0.18791946308724833
アストロゲート,0.2222222222222222,0.08464510203057857,0.18181818181818182,0.2857142857142857
アスワン,0.1894150417827298,0.17569662278861492,0.17919799498746866,0.1861402095084609
アズマイースト,0.16923076923076924,0.11837074400612697,0.22641509433962265,0.14285714285714285
アッミラーレ,0.20353982300884957,0.18503700548447227,0.16621983914209115,0.2188679245283019
アドマイヤオーラ,0.21356421356421357,0.18845196649735402,0.19461077844311378,0.23563218390804597
アドマイヤコジーン,0.18526170798898073,0.17352944715672497,0.19223771983020013,0.1745362563237774
アドマイヤジャパン,0.15800865800865802,0.1442691961245149,0.16449814126394052,0.1394700139470014
アドマイヤジュピタ,0.16049382716049382,0.09888265618037324,0.13725490196078433,0.12121212121212122
アドマイヤドン,0.2,0.17828651573396964,0.20224719101123595,0.2013888888888889
アドマイヤベガ,0.22877230935640888,0.2174961049713039,0.24571200638213003,0.1779257849666984
アドマイヤボス,0.17341040462427745,0.15787475504740572,0.16371681415929204,0.1806930693069307
アドマイヤマックス,0.17923133776792313,0.1672417833356129,0.1783132530120482,0.17835051546391753
アドマイヤムーン,0.19671663097787295,0.18895436149561387,0.21102702702702703,0.14705882352941177
アドマイヤメイン,0.18181818181818182,0.11012563364136344,0.11764705882352941,0.21428571428571427
アドミラブル,0.13043478260869565,0.05969502666911336,0.0967741935483871,0.22727272727272727
アニマルキングダム,0.1276595744680851,0.058360723098433494,0.06896551724137931,0.24
アバンテイー,0.18181818181818182,0.03677143788746509,0.2,0.25
アフリート,0.24349903519250207,0.23675904816136173,0.18294460641399418,0.2646873820606366
アブクマポーロ,0.06756756756756757,0.027374245440214617,0.06666666666666667,0.09803921568627451
アポインテッドデイ,0.2080745341614907,0.1719752366881118,0.23076923076923078,0.1791044776119403
アポロキングダム,0.21782178217821782,0.19775340136434677,0.18045112781954886,0.22948717948717948
アポロケンタッキー,0.2857142857142857,0.156819022137558,0.18181818181818182,0.3333333333333333
アポロソニック,0.17391304347826086,0.09165880971591304,0.125,0.21212121212121213
アマジックマン,0.13533834586466165,0.10252413338974535,0.10714285714285714,0.1366906474820144
アメリカンペイトリオット,0.2386237513873474,0.21561223990957473,0.2478448275862069,0.2334096109839817
アメリカンボス,0.13963963963963963,0.1135634222451711,0.08333333333333333,0.12941176470588237
アラジ,0.2016210739614995,0.180973749182734,0.15966386554621848,0.2204861111111111
アラナス,0.3333333333333333,0.1111127066076292,0.3333333333333333,0.3333333333333333
アラムシャー,0.12368421052631579,0.09710819730899348,0.10975609756097561,0.14871794871794872
アルアイン,0.17721518987341772,0.11190134708741854,0.19047619047619047,0.17391304347826086
アルカセット,0.14710743801652892,0.13365950995172668,0.12682926829268293,0.15515610217596973
アルカング,0.17135549872122763,0.14969148834356918,0.17166212534059946,0.17616580310880828
アルデバラン2,0.17327365728900257,0.1577772544958992,0.1743827160493827,0.17410714285714285
アレアズマ,0.20987654320987653,0.14015932977429207,0.09523809523809523,0.265625
アレミロード,0.23066104078762306,0.21580602770184126,0.23032629558541268,0.2120253164556962
アロマカフェ,0.13559322033898305,0.07052554468613186,0.2,0.13043478260869565
アロングオール,0.1598360655737705,0.1381114168247965,0.14321608040201006,0.15306122448979592
アンクルスーパー,0.21052631578947367,0.12855931716052754,0.2692307692307692,0.18421052631578946
アンシエントタイム,0.19801980198019803,0.161584863387268,0.1527777777777778,0.21794871794871795
アンシストリー,0.20105820105820105,0.15508309520610716,0.18518518518518517,0.20481927710843373
アンズプリテンダー,0.4090909090909091,0.2449944383083428,0.42857142857142855,0.25
アンテイーカ,0.18226600985221675,0.13964394221153792,0.16176470588235295,0.2
アントレプレナー,0.09569377990430622,0.06463652310805074,0.10476190476190476,0.06578947368421052
アンドレアモン,0.09433962264150944,0.03865693809058039,0.2222222222222222,0.1
アンバーシヤダイ,0.23201075991930062,0.2216850766718671,0.2316446402349486,0.21725239616613418
アンフイールド,0.19696969696969696,0.15812247263801416,0.1724137931034483,0.2159090909090909
アンライバルド,0.1280193236714976,0.10945508914302957,0.1277533039647577,0.13333333333333333
アーテイアス,0.20555555555555555,0.15806322387681662,0.19047619047619047,0.23
アーネストリー,0.1558073654390935,0.1252432305734733,0.12781954887218044,0.17061611374407584
アーミジャー,0.19361702127659575,0.17656438779108238,0.16693418940609953,0.21914008321775313
アーリーフツト,0.21052631578947367,0.07969540880247418,0.25,0.2222222222222222
イイデセゾン,0.05405405405405406,0.00996134787483684,0.15384615384615385,0.06451612903225806
イエローゴツド,0.17647058823529413,0.05314598448266387,0.2,0.21428571428571427
イクエーション,0.13333333333333333,0.025999332600867814,0.16666666666666666,0.2
イクスクルシヴヌレイエフ,0.23404255319148937,0.1659131790782317,0.23333333333333334,0.24390243902439024
イグアス,0.10526315789473684,0.020110675876131676,0.125,0.2
イシノサンデー,0.06976744186046512,0.048713296558100666,0.0738255033557047,0.08152173913043478
イシノナイト,0.25,0.05337550047023718,0.25,0.25
イスラボニータ,0.2509742790335152,0.23129385402252062,0.2553763440860215,0.24587155963302754
イタリアンカラー,0.2698412698412698,0.18285131638018398,0.27906976744186046,0.23076923076923078
イチコウイナズマ,0.2222222222222222,0.046389263979611135,0.25,0.25
イチコウエンライ,0.375,0.1287563928042427,0.375,0.375
イナリスター,0.3793103448275862,0.23827138494581032,0.4375,0.3
イナリワン,0.16851168511685116,0.14740315788506225,0.17616580310880828,0.14397905759162305
イブキフロンティア,0.2222222222222222,0.046389263979611135,0.25,0.25
イブキマイカグラ,0.17543859649122806,0.1427664040727903,0.16233766233766234,0.18085106382978725
イブンベイ,0.19577133907595928,0.17778840777670182,0.16885245901639345,0.2255054432348367
イムラツド,0.11764705882352941,0.022678782722445716,0.25,0.125
イルドブルボン,0.22763157894736843,0.20304217764093255,0.2062146892655367,0.22191011235955055
インイクストリーミス,0.24266144814090018,0.21207772903413036,0.26,0.20398009950248755
インカンテーション,0.16981132075471697,0.09337472246545421,0.125,0.20454545454545456
インターグランプリ,0.25,0.09665833399195689,0.25,0.2727272727272727
インターネイテイブ,0.2,0.041023167506996534,0.25,0.2222222222222222
インターハイクラス,0.45,0.27394584508232006,0.45,0.45
インデエアンキング,0.2595419847328244,0.19891000081655716,0.30337078651685395,0.22857142857142856
インナティフ,0.11392405063291139,0.061531394510844155,0.1111111111111111,0.11764705882352941
イーグルカフェ,0.16620752984389348,0.14801467294047102,0.1466992665036675,0.18061674008810572
イーグルボーイ,0.25,0.05337550047023718,0.25,0.25
イーベルツエーン,0.18181818181818182,0.03677143788746509,0.2222222222222222,0.2222222222222222
ウィズダム,0.16666666666666666,0.033319217684229845,0.2222222222222222,0.2
ウィナーズサークル,0.15517241379310345,0.12165755181817674,0.13846153846153847,0.16339869281045752
ウィニングスマイル,0.11363636363636363,0.06370259320520275,0.10810810810810811,0.13793103448275862
ウイニングウエイ,0.06666666666666667,0.012393531326131366,0.08333333333333333,0.15384615384615385
ウイニングチケット,0.15866839602248162,0.14634484606060794,0.12624584717607973,0.18355359765051396
ウインクリューガー,0.14925373134328357,0.08457065619233316,0.17073170731707318,0.15151515151515152
ウイングアロー,0.1539961013645224,0.12859509184432016,0.11764705882352941,0.1324200913242009
ウインザーノツト,0.17084639498432602,0.14695407313332146,0.16423357664233576,0.18384401114206128
ウインデュエル,0.13333333333333333,0.048520077141429176,0.2,0.11764705882352941
ウインドストース,0.19948186528497408,0.16697260793406887,0.16455696202531644,0.225531914893617
ウインバリアシオン,0.16483516483516483,0.12189768670548318,0.07407407407407407,0.24074074074074073
ウインマーベラス,0.34285714285714286,0.2527504982183698,0.35294117647058826,0.25
ウインラディウス,0.1437125748502994,0.10173733782784335,0.1792452830188679,0.10294117647058823
ウェイオブライト,0.13274336283185842,0.10375266195021653,0.1276595744680851,0.11931818181818182
ウエスタンウインド,0.2,0.041023167506996534,0.2,0.2
ウエスタンゼウス,0.18181818181818182,0.03677143788746509,0.18181818181818182,0.18181818181818182
ウエスタンメジャー,0.2,0.06110292885897761,0.23076923076923078,0.2222222222222222
ウォーエンブレム,0.28932406822488943,0.27073543745975487,0.25616438356164384,0.31157635467980294
ウォーターリーグ,0.2125,0.17055061588658826,0.07142857142857142,0.24752475247524752
ウォーニング,0.23690671031096563,0.22288599060980394,0.2155782848151062,0.25977410947002605
ウオロー,0.18181818181818182,0.03677143788746509,0.18181818181818182,0.18181818181818182
エアエミネム,0.152014652014652,0.1275065816442877,0.16120218579234974,0.08783783783783784
エアシャカール,0.11428571428571428,0.04119952944789624,0.13793103448275862,0.15384615384615385
エアジハード,0.16817906836055657,0.15328286543583233,0.16132596685082873,0.17758369723435224
エアスマップ,0.1836734693877551,0.10145728414317046,0.25,0.1
エアダブリン,0.14792899408284024,0.12609075179773183,0.1810810810810811,0.09124087591240876
エイシンアポロン,0.11728395061728394,0.07867398332646673,0.14102564102564102,0.10989010989010989
エイシンウオリア,0.23076923076923078,0.07187025554226983,0.2222222222222222,0.2727272727272727
エイシンオーシャン,0.09090909090909091,0.026043046048517603,0.15,0.1
エイシンキャメロン,0.3333333333333333,0.17731091757444914,0.2,0.3888888888888889
エイシンサンディ,0.1863157894736842,0.17181648575358874,0.15904365904365905,0.22020431328036322
エイシンダンカーク,0.3111111111111111,0.20370116396344845,0.25,0.34375
エイシンデピュティ,0.1339712918660287,0.09739125779509492,0.15841584158415842,0.12173913043478261
エイシンハリケーン,0.18181818181818182,0.03677143788746509,0.2222222222222222,0.2222222222222222
エイシンヒエン,0.3103448275862069,0.21504971663200906,0.39473684210526316,0.18518518518518517
エイシンヒカリ,0.22786304604486424,0.20453949427717516,0.22244488977955912,0.23931623931623933
エイシンビッグワン,0.25,0.14121667668986176,0.30434782608695654,0.2
エイシンフラッシュ,0.16535244922341696,0.15599946514875088,0.16463654223968566,0.15771583956492183
エイシンプレストン,0.1737891737891738,0.14165262036080792,0.18666666666666668,0.15789473684210525
エイシンワシントン,0.23722627737226276,0.2132034860815731,0.21628498727735368,0.26265060240963856
エキストラエンド,0.21739130434782608,0.09410939841509938,0.22727272727272727,0.25
エクラヴァンクール,0.2,0.041023167506996534,0.2,0.2
エスケンデレヤ,0.19545454545454546,0.1738779910346492,0.12371134020618557,0.2173274596182085
エスプリシーズ,0.14285714285714285,0.02805337732017585,0.25,0.15384615384615385
エスポワールシチー,0.24202127659574468,0.22405763902383224,0.11904761904761904,0.2536549707602339
エゾノランナー,0.125,0.024225732468536623,0.25,0.13333333333333333
エックスコンコルド,0.07936507936507936,0.03231431578863374,0.05714285714285714,0.14285714285714285
エピカリス,0.15,0.06918746114561941,0.2,0.15625
エピファネイア,0.24907144417740879,0.23862040646409313,0.26954492415402564,0.18468468468468469
エブロス,0.18986928104575163,0.17832533870278441,0.16966824644549763,0.19339371337240277
エプソムアシュラ,0.16666666666666666,0.033319217684229845,0.25,0.18181818181818182
エプソムペガサス,0.13793103448275862,0.050308172220812734,0.2222222222222222,0.1111111111111111
エムアイブラン,0.14173228346456693,0.09441256297391391,0.07692307692307693,0.17894736842105263
エムオーウイナー,0.16666666666666666,0.07049392284132051,0.25,0.11764705882352941
エリシオ,0.1946826758147513,0.18377220901842795,0.204350314825415,0.179519595448799
エリモタイヨー,0.25,0.15058045613856946,0.3125,0.22857142857142856
エルウェーウィン,0.10294117647058823,0.050071407602834954,0.11538461538461539,0.12244897959183673
エルコンドルパサー,0.2513007284079084,0.23986841018689842,0.25319451017510647,0.25061576354679804
エルセニョール,0.15753424657534246,0.12984722988421252,0.18435754189944134,0.12272727272727273
エルソプラノ,0.18181818181818182,0.03677143788746509,0.18181818181818182,0.18181818181818182
エルハーブ,0.22273567467652494,0.20817351753586383,0.14721723518850988,0.25115359261700726
エンドスウィープ,0.27634571645185746,0.26212381760061143,0.23458149779735682,0.3003003003003003
エンパイアメーカー,0.21566590484105547,0.20598315089278388,0.15711645101663585,0.2336448598130841
エンペリー,0.16,0.05900834386487541,0.2222222222222222,0.14285714285714285
エーシンシャラク,0.2,0.08588541243180764,0.22727272727272727,0.2
エーシンジーライン,0.3076923076923077,0.12285066324360105,0.36363636363636365,0.2222222222222222
エーシントップ,0.25,0.12021457475376468,0.2631578947368421,0.25
エーシンフォワード,0.175,0.11043932259326164,0.13157894736842105,0.22448979591836735
エーシンモアオバー,0.2222222222222222,0.046389263979611135,0.2222222222222222,0.2222222222222222
エーピーダンサー,0.2894736842105263,0.20767145171958146,0.16666666666666666,0.35714285714285715
オウインスパイアリング,0.19806763285024154,0.17234434807055135,0.16967509025270758,0.20987654320987653
オウケンブルースリ,0.1415929203539823,0.10541006738356787,0.12121212121212122,0.17346938775510204
オウケンマジック,0.09375,0.02690011969114915,0.1111111111111111,0.16666666666666666
オオヒエイ,0.25,0.05337550047023718,0.25,0.25
オグリキャップ,0.1923509561304837,0.17101838235553188,0.1830238726790451,0.19878296146044624
オサイチジョージ,0.23134328358208955,0.17398800334945494,0.2028985507246377,0.2638888888888889
オサイチブレベスト,0.21428571428571427,0.06604956721630965,0.21428571428571427,0.21428571428571427
オジジアン,0.181941309255079,0.16862581232409432,0.13846153846153847,0.20332225913621263
オニマリハツト,0.15384615384615385,0.05656255902005439,0.1875,0.17647058823529413
オネストジョン,0.18181818181818182,0.03677143788746509,0.18181818181818182,0.18181818181818182
オフサイドトラップ,0.20689655172413793,0.14827588310852538,0.07894736842105263,0.27058823529411763
オペツクホース,0.13333333333333333,0.025999332600867814,0.2222222222222222,0.15384615384615385
オペラハウス,0.22409823484267075,0.21564968983028077,0.2330884215860147,0.17382999044890163
オリオンザサンクス,0.2033898305084746,0.1557268206736555,0.07407407407407407,0.23076923076923078
オルフェーヴル,0.24704065877509007,0.23779913972764294,0.2426257952573742,0.25011047282368537
オレハマッテルゼ,0.17976878612716762,0.16480044377324943,0.20126582278481012,0.16535433070866143
オンファイア,0.1487603305785124,0.13368408088944236,0.11074380165289256,0.16951379763469118
オンユアサイド,0.18181818181818182,0.03677143788746509,0.18181818181818182,0.18181818181818182
オンワードカメルン,0.16455696202531644,0.10149590556765559,0.23636363636363636,0.06451612903225806
オンワードファラオ,0.07407407407407407,0.013842048212614609,0.125,0.1111111111111111
オークプリンス,0.23076923076923078,0.07187025554226983,0.23076923076923078,0.23076923076923078
オークワース,0.19594594594594594,0.1448771652155286,0.09090909090909091,0.22935779816513763
オーシャンブルー,0.125,0.08494188090277091,0.1485148514851485,0.11538461538461539
オース,0.15734989648033126,0.14189366346831644,0.1524547803617571,0.16307692307692306
オースミシャダイ,0.16774193548387098,0.1210763246969209,0.0975609756097561,0.19834710743801653
オースミジェット,0.05319148936170213,0.02142071585007429,0.07692307692307693,0.05714285714285714
オースミタイクーン,0.10833333333333334,0.06583972412118361,0.12698412698412698,0.109375
オースミメダリスト,0.2916666666666667,0.15247968742967724,0.25,0.3157894736842105
オースミロッチ,0.09803921568627451,0.04023659040211457,0.13157894736842105,0.125
オールステイ,0.2857142857142857,0.16908829715785706,0.2222222222222222,0.30303030303030304
オールドヴィック,0.15902964959568733,0.12891653787817228,0.1965065502183406,0.11188811188811189
オールフォゴットン,0.0625,0.029968710878718115,0.11428571428571428,0.060240963855421686
カウンテスアツプ,0.2786885245901639,0.18926288776254194,0.15384615384615385,0.3090909090909091
カオリハイパー,0.15384615384615385,0.030460165659137187,0.2222222222222222,0.18181818181818182
カコイーシーズ,0.21348314606741572,0.19905667572102753,0.1583652618135377,0.2453846153846154
カシマウイング,0.2,0.0752938165688757,0.18181818181818182,0.25
カジノドライヴ,0.21047120418848167,0.19530664338930986,0.07142857142857142,0.23201438848920863
カジユン,0.08571428571428572,0.024482978269620252,0.08571428571428572,0.08823529411764706
カズノフアスト,0.25,0.05337550047023718,0.25,0.25
カゼノグッドボーイ,0.2,0.041023167506996534,0.2222222222222222,0.25
カツテイングブレード,0.2235294117647059,0.1534755548841559,0.26865671641791045,0.12
カツトクシン,0.2222222222222222,0.046389263979611135,0.25,0.25
カツラギエース,0.13901345291479822,0.11304595055704794,0.12133891213389121,0.1588235294117647
カツラノハイセイコ,0.22297297297297297,0.16907172376455482,0.07407407407407407,0.25471698113207547
カヅミネオン,0.4444444444444444,0.2920820340098962,0.23076923076923078,0.5238095238095238
カネショウホーライ,0.14285714285714285,0.052233240682168613,0.13333333333333333,0.2
カネツフルーヴ,0.08695652173913043,0.01639751631348414,0.08695652173913043,0.08695652173913043
カネトシガバナー,0.06818181818181818,0.019284897326644526,0.09523809523809523,0.1
カネハボマイ,0.2222222222222222,0.046389263979611135,0.25,0.25
カネヒキリ,0.19334135579622944,0.18047508554476704,0.023529411764705882,0.21170165252344797
カネミノブ,0.04878048780487805,0.008956945592975591,0.07142857142857142,0.1
カフェオリンポス,0.16666666666666666,0.09155163723516398,0.16666666666666666,0.16666666666666666
カフェラピード,0.375,0.2216358491323707,0.45,0.18181818181818182
カブラヤオー,0.18309859154929578,0.11349577786426901,0.14705882352941177,0.22727272727272727
カミツキ,0.25,0.05337550047023718,0.25,0.25
カミノクレッセ,0.2112676056338028,0.13697843753307826,0.13333333333333333,0.23809523809523808
カミノサイレンス,0.2222222222222222,0.046389263979611135,0.2222222222222222,0.2222222222222222
カリスタグローリ,0.19167321288295366,0.1738126798027464,0.13983050847457626,0.2055984555984556
カリズマティック,0.19180421172453044,0.17656001521156822,0.14218009478672985,0.206598586017282
カリフォルニアクローム,0.211864406779661,0.15312341769929325,0.18181818181818182,0.24285714285714285
カリブカフェ,0.09523809523809523,0.018065203085418632,0.13333333333333333,0.15384615384615385
カルストンセダン,0.18181818181818182,0.03677143788746509,0.2222222222222222,0.2222222222222222
カルストンライトオ,0.15609756097560976,0.11648571787769559,0.125,0.18248175182481752
カルラネイチャー,0.15151515151515152,0.09678019704758617,0.13636363636363635,0.1774193548387097
カレンブラックヒル,0.2196349905601007,0.20275956872390785,0.16932907348242812,0.25311203319502074
カンパニー,0.1592920353982301,0.1432417143566063,0.17752234993614305,0.1340782122905028
カンパラ,0.21967213114754097,0.1818066442037456,0.25,0.2
カーネギー,0.1672316384180791,0.15546491668495377,0.1889843355229914,0.08907563025210084
カーホワイト,0.2,0.09415502607649036,0.2,0.22727272727272727
カーム,0.10588235294117647,0.05704369229894646,0.09090909090909091,0.1076923076923077
ガダボート,0.1894150417827298,0.15645234350970574,0.10588235294117647,0.21660649819494585
ガマエルシド,0.15384615384615385,0.030460165659137187,0.2222222222222222,0.18181818181818182
ガルウイング,0.11538461538461539,0.03351959498950469,0.13636363636363635,0.18181818181818182
ガルボ,0.21621621621621623,0.16298883673327721,0.16666666666666666,0.2923076923076923
ガレオン,0.22916666666666666,0.13715198442703355,0.12,0.2962962962962963
ガロト,0.16666666666666666,0.033319217684229845,0.18181818181818182,0.25
キクカリユウセイ,0.22727272727272727,0.09884352959849337,0.25,0.23809523809523808
キズナ,0.2814244465832531,0.27121089256551345,0.28557904701798675,0.2703684483653347
キタサンカムイデン,0.2,0.041023167506996534,0.2,0.2
キタサンブラック,0.308411214953271,0.2864633714235282,0.3077844311377245,0.30409356725146197
キタサンブルー,0.2916666666666667,0.15247968742967724,0.15384615384615385,0.3888888888888889
キタサンミカヅキ,0.2,0.041023167506996534,0.25,0.2222222222222222
キタジマオー,0.35714285714285715,0.16565942671507178,0.375,0.3076923076923077
キタノカズスミ,0.2,0.041023167506996534,0.2,0.2
キタノトウザイ,0.23255813953488372,0.1352515034770192,0.1875,0.2647058823529412
キッケンクリス,0.09615384615384616,0.06060315561315463,0.13793103448275862,0.06578947368421052
キモンノカシワ,0.15254237288135594,0.1018578749167418,0.11764705882352941,0.16666666666666666
キャプテンスティーヴ,0.1586139580283065,0.145534195795788,0.12481426448736999,0.17304747320061256
キャプテントゥーレ,0.1426256077795786,0.1201629312922785,0.11702127659574468,0.162291169451074
キャロルハウス,0.20662868979803212,0.1916513065077774,0.18058455114822547,0.2329059829059829
キヤタオラ,0.13636363636363635,0.040099536297474425,0.15384615384615385,0.25
キョウエイギア,0.17647058823529413,0.05314598448266387,0.17647058823529413,0.17647058823529413
キョウトシチー,0.0945945945945946,0.045874566605519036,0.07142857142857142,0.1320754716981132
キョウワアリシバ,0.1912568306010929,0.14554676147872164,0.21428571428571427,0.1702127659574468
キョウワスプレンダ,0.10526315789473684,0.03778001026592486,0.13333333333333333,0.13333333333333333
キョウワダイキチ,0.3333333333333333,0.17731091757444914,0.3888888888888889,0.2
キヨヒダカ,0.125,0.061286728690963514,0.08,0.18421052631578946
キリパワー,0.1574074074074074,0.10383518892272103,0.15873015873015872,0.17307692307692307
キンカイチフジ,0.3076923076923077,0.12285066324360105,0.2727272727272727,0.3333333333333333
キングオブキングス,0.15476190476190477,0.11143986151267274,0.14925373134328357,0.13414634146341464
キングオブダイヤ,0.125,0.024225732468536623,0.15384615384615385,0.2
キングオブダービー,0.2,0.10083689953501081,0.23529411764705882,0.2
キングカメハメハ,0.2808743676613914,0.27584998112967807,0.2809678267730341,0.2831050228310502
キンググローリアス,0.20229458410663068,0.19377001118339787,0.12982241273729334,0.23328488372093023
キングズベスト,0.1370851370851371,0.1248820079755597,0.15033783783783783,0.10846245530393325
キングハイセイコー,0.21505376344086022,0.14896959993001158,0.3404255319148936,0.075
キングヘイロー,0.18694055542804683,0.18011238582588676,0.18465011286681715,0.18733916623777663
キングリオ,0.25,0.05337550047023718,0.25,0.25
キングリファール,0.15,0.04446484244557773,0.2222222222222222,0.16666666666666666
キンシャサノキセキ,0.2302590414215993,0.22255149561281934,0.2012121212121212,0.2512056115738711
ギイールグツド,0.12903225806451613,0.07701899630711065,0.125,0.14705882352941177
ギヤラントローマン,0.21428571428571427,0.1309965296853653,0.3333333333333333,0.19607843137254902
ギヤロツプダイナ,0.19137931034482758,0.16515023158710654,0.16738197424892703,0.19205298013245034
ギンザグリングラス,0.2,0.041023167506996534,0.2222222222222222,0.25
クエストフォベスト,0.10975609756097561,0.05920257521726151,0.06896551724137931,0.15789473684210525
クシロキング,0.11764705882352941,0.042481299792738715,0.125,0.17647058823529413
クライムカイザー,0.2222222222222222,0.046389263979611135,0.25,0.25
クラウンレガーロ,0.08333333333333333,0.015674071195156656,0.1111111111111111,0.15384615384615385
クラカゲオー,0.3333333333333333,0.13507547291964123,0.375,0.2727272727272727
クラキングオー,0.2222222222222222,0.046389263979611135,0.2222222222222222,0.2222222222222222
クリエイター,0.2009226037929267,0.18618090835969653,0.23025210084033612,0.15208034433285508
クリエイター2,0.1413237924865832,0.11785910466272774,0.06818181818181818,0.15756302521008403
クリスザブレイヴ,0.28888888888888886,0.1844554411850152,0.19047619047619047,0.3548387096774194
クリスタルグリツターズ,0.2102790014684288,0.1988910947247594,0.1815068493150685,0.23226164079822617
クリスタルパレス,0.14948453608247422,0.10962647223892552,0.12371134020618557,0.17582417582417584
クリスタルレコード,0.14285714285714285,0.02805337732017585,0.14285714285714285,0.14285714285714285
クリストワイニング,0.17672413793103448,0.14843869198591844,0.15463917525773196,0.18328840970350405
クリプティックラスカル,0.1796116504854369,0.14944711836940636,0.08333333333333333,0.22887323943661972
クリミナルタイプ,0.18767351471404775,0.1727434640311788,0.15851851851851853,0.1978866474543708
クリーンエコロジー,0.20833333333333334,0.13497506119662192,0.20588235294117646,0.2222222222222222
クレスコグランド,0.234375,0.15286518220720677,0.14285714285714285,0.2916666666666667
クロコルージュ,0.1531279178338002,0.13541138932084992,0.1609375,0.14742014742014742
クロフネ,0.23835447300482657,0.2331210273220046,0.213001634283639,0.2486695278969957
クワイエットデイ,0.2,0.10083689953501081,0.25,0.20588235294117646
クーリンガー,0.10714285714285714,0.07083231616513763,0.08823529411764706,0.12056737588652482
グァンチャーレ,0.16666666666666666,0.033319217684229845,0.18181818181818182,0.25
グラスワンダー,0.17121618328052646,0.16442242488494554,0.18493150684931506,0.13949579831932774
グランシュヴァリエ,0.25,0.05337550047023718,0.25,0.25
グランデイ,0.11764705882352941,0.022678782722445716,0.14285714285714285,0.2
グランデッツァ,0.18681318681318682,0.12407863037041228,0.25,0.10526315789473684
グランデラ,0.16323024054982818,0.14575409780082837,0.19054441260744986,0.11697247706422019
グランドオペラ,0.15565031982942432,0.12900154214592263,0.1095890410958904,0.18153846153846154
グランドテスコ,0.25,0.05337550047023718,0.25,0.25
グランパズドリーム,0.1111111111111111,0.021317626921521112,0.25,0.11764705882352941
グランプリボス,0.14939024390243902,0.13112036683870262,0.09771986970684039,0.17629629629629628
グリンモリー,0.08426966292134831,0.05296376412492634,0.08536585365853659,0.10101010101010101
グリーンアプローズ,0.17525773195876287,0.11608950955038519,0.16666666666666666,0.20270270270270271
グリーングラス,0.23076923076923078,0.1726407514342062,0.15151515151515152,0.24691358024691357
グリーンマウント,0.21407624633431085,0.17856505065976383,0.15789473684210525,0.23595505617977527
グルメフロンティア,0.21428571428571427,0.10148495300353262,0.25,0.2
グルームダンサー,0.18192154633314384,0.16700383277397918,0.1976470588235294,0.17292377701934017
グレイレジェンド,0.25,0.05337550047023718,0.25,0.25
グレーターロンドン,0.26737967914438504,0.21572009336007297,0.2689655172413793,0.2653061224489796
グレートサクセス,0.07246376811594203,0.029418458066599196,0.08,0.09803921568627451
グレートサン,0.06666666666666667,0.012393531326131366,0.07142857142857142,0.2222222222222222
グレートセイカン,0.2222222222222222,0.046389263979611135,0.2222222222222222,0.2222222222222222
グレートデイン,0.07142857142857142,0.013322991488137013,0.1,0.15384615384615385
グレートホープ,0.18181818181818182,0.03677143788746509,0.2,0.25
グレートローマン,0.2,0.13325068129270298,0.09090909090909091,0.2318840579710145
グロウ,0.19666048237476808,0.16917711689100454,0.17647058823529413,0.19398907103825136
グロリアスノア,0.22857142857142856,0.12282976558880637,0.2222222222222222,0.24242424242424243
ケイアイドウソジン,0.2222222222222222,0.046389263979611135,0.25,0.25
ケイアイメガウルフ,0.2222222222222222,0.046389263979611135,0.2222222222222222,0.2222222222222222
ケイコバン,0.25,0.05337550047023718,0.25,0.25
ケイムホーム,0.16127004086765168,0.15066804338142084,0.133051742344245,0.17590027700831026
ケラチ,0.14864864864864866,0.08686330670138943,0.16666666666666666,0.1590909090909091
ケントニーオー,0.22093023255813954,0.15160170495197556,0.17307692307692307,0.23529411764705882
ケープブランコ,0.1524822695035461,0.1326409996512086,0.15942028985507245,0.15071283095723015
ゲイメセン,0.26459143968871596,0.22047408652251949,0.27102803738317754,0.25
コインドシルバー,0.22424242424242424,0.19408078002740295,0.20809248554913296,0.23103448275862068
コウストンズクラウン,0.16216216216216217,0.07516516931350613,0.15384615384615385,0.14285714285714285
コガネパワー,0.15384615384615385,0.030460165659137187,0.2222222222222222,0.18181818181818182
コクサイトリプル,0.20833333333333334,0.12023002731419564,0.14705882352941177,0.3333333333333333
コタシャーン,0.16966067864271456,0.14287267721929567,0.18305084745762712,0.145
コトノアサブキ,0.1836734693877551,0.12350756148738957,0.18,0.2
コパノジングー,0.15384615384615385,0.030460165659137187,0.2,0.2
コパノフウジン,0.14473684210526316,0.08448198478567912,0.0625,0.21568627450980393
コパノリチャード,0.12258064516129032,0.08231958905441819,0.18571428571428572,0.08695652173913043
コパノリッキー,0.19535374868004224,0.17454383655668618,0.10309278350515463,0.20725995316159251
コマツタイム,0.4666666666666667,0.26358492378234966,0.25,0.5
コマンズ,0.25862068965517243,0.2305620304907912,0.26422764227642276,0.25252525252525254
コマンダーインチーフ,0.19404724075839425,0.18738996151063317,0.19316022799240026,0.19452247191011235
コマンダーコリンズ,0.12222222222222222,0.07088199074007812,0.09433962264150944,0.2413793103448276
コメート,0.14285714285714285,0.02805337732017585,0.2,0.18181818181818182
コリムスキー,0.15639810426540285,0.11728763302600642,0.09411764705882353,0.203125
コロナドズクエスト,0.21715817694369974,0.1998237359401513,0.1721132897603486,0.23828125
コロニアルアッフェアー,0.1111111111111111,0.07528757082435146,0.06521739130434782,0.15447154471544716
コンサートボーイ,0.09523809523809523,0.018065203085418632,0.18181818181818182,0.11764705882352941
コンデュイット,0.16203966005665724,0.1478371442245459,0.16679245283018868,0.08945686900958466
コントライト,0.1935483870967742,0.09087405970502127,0.13043478260869565,0.3333333333333333
コーホクリユウ,0.2,0.041023167506996534,0.2,0.2
ゴスホークケン,0.17727272727272728,0.13673996959411425,0.20567375886524822,0.13953488372093023
ゴドリー,0.25,0.05337550047023718,0.25,0.25
ゴライタス,0.2248062015503876,0.19522208913247158,0.18181818181818182,0.2484076433121019
ゴーカイ,0.16170212765957448,0.12397577254909446,0.08571428571428572,0.07317073170731707
ゴーマーチング,0.2857142857142857,0.11266578079028225,0.25,0.3076923076923077
ゴールスキー,0.21428571428571427,0.06604956721630965,0.2727272727272727,0.2
ゴールデンゼウス,0.3125,0.18662163557046527,0.34782608695652173,0.25
ゴールデンバローズ,0.3125,0.14166397164215325,0.18181818181818182,0.4166666666666667
ゴールデンフェザント,0.19462084422861411,0.1821676142057468,0.20882971268395234,0.1808960270498732
ゴールデンマンデラ,0.16666666666666666,0.04989815455742298,0.18181818181818182,0.21428571428571427
ゴールドアクター,0.22580645161290322,0.17723071434712792,0.23076923076923078,0.22666666666666666
ゴールドアリュール,0.23861537225925628,0.2323564134245342,0.18365337272279667,0.24943732263430865
ゴールドウエイ,0.3333333333333333,0.16636269171015386,0.3333333333333333,0.3333333333333333
ゴールドキング,0.2,0.041023167506996534,0.25,0.2222222222222222
ゴールドシップ,0.22491103202846974,0.21206974949440557,0.23676148796498905,0.15486725663716813
ゴールドヘイロー,0.22290502793296088,0.20690613607631744,0.21496598639455783,0.2309217046580773
ゴールドヘッド,0.2222222222222222,0.10559644892751713,0.2222222222222222,0.14285714285714285
ゴールドマサユキ,0.12727272727272726,0.06245261312037449,0.15384615384615385,0.13157894736842105
ゴールドレツト,0.11538461538461539,0.06234894748848049,0.11904761904761904,0.14285714285714285
ゴールドロビン,0.2222222222222222,0.046389263979611135,0.25,0.25
サイドチヤペル,0.2,0.1063800448764146,0.21428571428571427,0.21212121212121213
サイレントディール,0.17050691244239632,0.13039671372772094,0.1348314606741573,0.20300751879699247
サイレントハンター,0.11188811188811189,0.08289532286463201,0.14354066985645933,0.03896103896103896
サウスアトランテイツク,0.20634920634920634,0.16585732442201348,0.13821138211382114,0.2781954887218045
サウスヴィグラス,0.23387605704909756,0.22609273144566294,0.11837455830388692,0.24331439656366913
サウンドスカイ,0.09090909090909091,0.01719099663247961,0.25,0.09523809523809523
サウンドボルケーノ,0.13793103448275862,0.08253110498427886,0.15789473684210525,0.1267605633802817
サキノシヨウグン,0.2,0.041023167506996534,0.25,0.2222222222222222
サクスンコテイジ,0.2777777777777778,0.1832522285601948,0.14814814814814814,0.40625
サクライツトー,0.09090909090909091,0.05500364225443355,0.11764705882352941,0.08333333333333333
サクラオリオン,0.13402061855670103,0.08199683782976239,0.16455696202531644,0.08
サクラオールイン,0.11320754716981132,0.051460069079688725,0.10810810810810811,0.17391304347826086
サクラガイセン,0.15789473684210525,0.08648636670514005,0.16216216216216217,0.18518518518518517
サクラケイザンオー,0.15151515151515152,0.10353217988943389,0.1958762886597938,0.08108108108108109
サクラゴールド2,0.2,0.041023167506996534,0.25,0.2222222222222222
サクラサニーオー,0.13934426229508196,0.09153994595603228,0.16666666666666666,0.13333333333333333
サクラシヨウリ,0.25,0.15442824825735682,0.20689655172413793,0.16666666666666666
サクラシンゲキ,0.2303370786516854,0.19455779810788887,0.24705882352941178,0.21875
サクラスパート,0.5555555555555556,0.36400877324794967,0.25,0.5882352941176471
サクラセダンスキー,0.2,0.041023167506996534,0.2222222222222222,0.25
サクラゼウス,0.19642857142857142,0.11640453753546232,0.12903225806451613,0.28125
サクラダイオー,0.20714285714285716,0.15346283354405224,0.16666666666666666,0.23076923076923078
サクラチトセオー,0.17548500881834214,0.16251433653240333,0.20432513049962714,0.12237762237762238
サクラチヨノオー,0.21398002853067047,0.19620459600792448,0.2217741935483871,0.205607476635514
サクラテルノオー,0.24719101123595505,0.17572357089856908,0.18181818181818182,0.2857142857142857
サクラトウコウ,0.2119140625,0.19124166323672948,0.18494623655913978,0.24074074074074073
サクラバクシンオー,0.2436340371081254,0.23800505839405817,0.25547922800130846,0.22675662333388186
サクラプレジデント,0.17367949865711726,0.16066661183027994,0.18594436310395315,0.154776299879081
サクラホクトオー,0.15166461159062886,0.13145780258504713,0.17843866171003717,0.10583941605839416
サクラメガワンダー,0.1702127659574468,0.08959302118954753,0.09523809523809523,0.10526315789473684
サクラユタカオー,0.2564027939464494,0.24423278997924008,0.2552995391705069,0.24171888988361684
サクラロータリー,0.16501650165016502,0.131293415930485,0.21428571428571427,0.11564625850340136
サクラローレル,0.19915115899444988,0.18739638217353535,0.16126350789692437,0.22379912663755458
サザンヘイロー,0.13758389261744966,0.10625133031478283,0.14814814814814814,0.143646408839779
サダムパテック,0.05172413793103448,0.014497388770103233,0.08823529411764706,0.06451612903225806
サチエノヒリユウ,0.2222222222222222,0.08464510203057857,0.18181818181818182,0.2857142857142857
サツカーボーイ,0.19825708061002179,0.1894843649377986,0.21096810296586457,0.16295025728987994
サトノアラジン,0.199288256227758,0.17708234541581008,0.1761786600496278,0.2199074074074074
サトノアレス,0.2777777777777778,0.12377091476954695,0.3333333333333333,0.2
サトノクラウン,0.1661721068249258,0.1431800673727775,0.16233766233766234,0.18055555555555555
サトノダイヤモンド,0.24448529411764705,0.21474367846390982,0.2563451776649746,0.21656050955414013
サドラーズラッド,0.1917808219178082,0.12155800512723774,0.21621621621621623,0.19047619047619047
サドンストーム,0.16666666666666666,0.033319217684229845,0.18181818181818182,0.25
サドンソー,0.25,0.05337550047023718,0.25,0.25
サニングデール,0.20134228187919462,0.16436286687537907,0.17391304347826086,0.2289156626506024
サニーシプレー,0.09523809523809523,0.018065203085418632,0.15384615384615385,0.14285714285714285
サニーブライアン,0.1779252110977081,0.16270394019867973,0.21148825065274152,0.1498800959232614
サフロンウォルデン,0.11888111888111888,0.0890382679542238,0.14049586776859505,0.11377245508982035
サブミーカー,0.046511627906976744,0.008527059786551584,0.07407407407407407,0.08695652173913043
サプライズパワー,0.2,0.041023167506996534,0.2222222222222222,0.25
サマーサスピション,0.12858660998937302,0.11110576386924538,0.1044776119402985,0.14747474747474748
サマーバード,0.23857142857142857,0.21252196193593917,0.1610738255033557,0.266173752310536
サムライハート,0.16273504273504275,0.15164303653435046,0.16796368352788585,0.15492957746478872
サリユウムサシ,0.14285714285714285,0.02805337732017585,0.14285714285714285,0.14285714285714285
サルノキング,0.23529411764705882,0.12675157659681374,0.18181818181818182,0.26666666666666666
サンエイソロン,0.21311475409836064,0.13318783754346683,0.21052631578947367,0.22448979591836735
サンオーイ,0.29411764705882354,0.13211096575490608,0.25,0.3125
サンカルロ,0.03571428571428571,0.009922882455470237,0.06,0.04878048780487805
サンキヨーシヨウリ,0.2608695652173913,0.18900322059557495,0.1794871794871795,0.21428571428571427
サンキリコ,0.19474835886214442,0.17359948363805075,0.15949367088607594,0.1875
サンシャインフォーエヴァー,0.136226034308779,0.11873753991706397,0.13654618473895583,0.11607142857142858
サンシャック,0.1638888888888889,0.1329335742903064,0.19230769230769232,0.1346153846153846
サンシヤインボーイ,0.1610738255033557,0.11440763152719047,0.13559322033898305,0.2
サンシー,0.058823529411764705,0.010876071043344062,0.09523809523809523,0.1
サンゼウス,0.16,0.05900834386487541,0.15384615384615385,0.21052631578947367
サンダーガルチ,0.23161033797216699,0.2100497781356202,0.13656387665198239,0.25733333333333336
サンダースノー,0.12244897959183673,0.07295870463317515,0.09090909090909091,0.18
サンテステフ,0.14146341463414633,0.10360039244231395,0.1134020618556701,0.17857142857142858
サンデーウェル,0.13286713286713286,0.08942364721424458,0.13333333333333333,0.14666666666666667
サンデーサイレンス,0.3216425036895564,0.3165894300519388,0.3239395868294659,0.31419427710843373
サンデーブランチ,0.05128205128205128,0.009432481613977223,0.08,0.09523809523809523
サンプリンス,0.2222222222222222,0.10559644892751713,0.2631578947368421,0.2
サンプレイス,0.12658227848101267,0.07123486818656292,0.1724137931034483,0.08
サンライズバッカス,0.13559322033898305,0.07052554468613186,0.14285714285714285,0.15384615384615385
サンライズペガサス,0.209366391184573,0.18500769781208354,0.11917098445595854,0.24349442379182157
サーペンアップ,0.30303030303030304,0.18038450483604973,0.2,0.3333333333333333
サーペンフロ,0.22727272727272727,0.09884352959849337,0.16666666666666666,0.375
サーモンリープ,0.07792207792207792,0.03493942728116432,0.125,0.07692307692307693
ザカリヤ,0.25471698113207547,0.18813023829750658,0.2727272727272727,0.14285714285714285
ザグレブ,0.127831715210356,0.10646026534239345,0.16516516516516516,0.09252669039145907
ザサンデーフサイチ,0.09090909090909091,0.057226345336216365,0.1414141414141414,0.046153846153846156
ザッツザプレンティ,0.12669683257918551,0.09198625506025843,0.16793893129770993,0.054945054945054944
ザファクター,0.21486486486486486,0.1904901424267739,0.14761904761904762,0.24202626641651032
ザーラージル,0.1875,0.13041556044308197,0.19642857142857142,0.2
ザール,0.10526315789473684,0.07937696252430819,0.11731843575418995,0.10119047619047619
シアトルスキー,0.3333333333333333,0.1527176223846631,0.35714285714285715,0.25
シアトルスズカ,0.0851063829787234,0.05020313789249837,0.06349206349206349,0.12048192771084337
シアトルダンサー2,0.15849673202614378,0.14165572120914668,0.17329093799682035,0.14821428571428572
シアトルヒーロー,0.23529411764705882,0.0902524330304275,0.23529411764705882,0.23529411764705882
シェイヴィアン,0.28289473684210525,0.22464552373599198,0.30864197530864196,0.2564102564102564
シェリフズスター,0.19724770642201836,0.1667425841539791,0.22959183673469388,0.1728395061728395
シェルゲーム,0.1111111111111111,0.021317626921521112,0.14285714285714285,0.18181818181818182
シエイデイハイツ,0.20594965675057209,0.18385018879426288,0.2456575682382134,0.17547568710359407
シエラスター,0.10526315789473684,0.020110675876131676,0.16666666666666666,0.14285714285714285
シエルシユールドール,0.13714285714285715,0.11327946229950837,0.18587360594795538,0.08786610878661087
シゲルカガ,0.12,0.03495333483371806,0.2,0.13636363636363635
シズヒロオー,0.25,0.09665833399195689,0.25,0.26666666666666666
シックスセンス,0.15521628498727735,0.12623527766576176,0.1650485436893204,0.14634146341463414
シナノリンボー,0.3333333333333333,0.1527176223846631,0.25,0.35714285714285715
シニスターミニスター,0.2504258943781942,0.24008818003583066,0.08143322475570032,0.2634011090573013
シビルウォー,0.12773722627737227,0.09623758225542683,0.058823529411764705,0.15384615384615385
シベリアンホーク,0.15544041450777202,0.11476536316908195,0.19047619047619047,0.12631578947368421
シャマードシンボリ,0.25,0.05337550047023718,0.25,0.25
シャルード,0.1462882096069869,0.12005896950974151,0.11695906432748537,0.16911764705882354
シャンハイ,0.23736892278360344,0.2222367617385206,0.16929133858267717,0.2610619469026549
シャンハイボビー,0.23869346733668342,0.20434752714260537,0.19047619047619047,0.26848249027237353
シャーディー,0.18682566723452584,0.17175660255560443,0.2029197080291971,0.17365269461077845
シャーラスタニ,0.16556291390728478,0.13173764450238043,0.18229166666666666,0.1504424778761062
シヤイニングナイト,0.13333333333333333,0.025999332600867814,0.13333333333333333,0.13333333333333333
シヤカプール,0.3333333333333333,0.1527176223846631,0.2222222222222222,0.38461538461538464
シュヴァルグラン,0.1565217391304348,0.10460790265731111,0.21621621621621623,0.08333333333333333
ショウナンカンプ,0.1743404035178479,0.16034351407110145,0.19152542372881357,0.1492329149232915
ショウナンバッハ,0.3157894736842105,0.15634363948365287,0.3333333333333333,0.25
ショウリテンユウ,0.18181818181818182,0.03677143788746509,0.25,0.2
シリウスシンボリ,0.18689788053949905,0.15947805005194093,0.1947565543071161,0.13989637305699482
シルクジャスティス,0.12540192926045016,0.0959864461549051,0.08823529411764706,0.13043478260869565
シルクハリアー,0.13333333333333333,0.025999332600867814,0.16666666666666666,0.2
シルクフェイマス,0.18032786885245902,0.10635424059952166,0.19148936170212766,0.19047619047619047
シルバーステート,0.24295010845986983,0.22420103735552108,0.26706231454005935,0.1793478260869565
シルバーチャーム,0.14444444444444443,0.12723875266405996,0.0871559633027523,0.16423357664233576
シルバーランド,0.2545454545454545,0.16406365022581834,0.25,0.2857142857142857
シルポート,0.1686046511627907,0.1240609773357252,0.1375,0.20202020202020202
シルヴァーエンディング,0.12373737373737374,0.09767301100679548,0.16071428571428573,0.1038961038961039
シルヴアーヴオイス,0.18009478672985782,0.1384648440135733,0.1,0.16455696202531644
シンウルフ,0.17549668874172186,0.1408078259893274,0.2073170731707317,0.06557377049180328
シングルロマン,0.2222222222222222,0.046389263979611135,0.2222222222222222,0.2222222222222222
シングンオペラ,0.245136186770428,0.2022312002395815,0.24431818181818182,0.14
シンコウウインディ,0.12903225806451613,0.046854826914600675,0.11764705882352941,0.19047619047619047
シンコウキング,0.116751269035533,0.08154358930574199,0.1592920353982301,0.08045977011494253
シンコウスプレンダ,0.25,0.05337550047023718,0.25,0.25
シンコーユタカ,0.18181818181818182,0.03677143788746509,0.25,0.2
シンチェスト,0.28,0.22158929717698134,0.2976190476190476,0.1896551724137931
シンブラウン,0.25,0.05337550047023718,0.25,0.25
シンボリクリスエス,0.22908707680147544,0.22349756083033548,0.2209269263576912,0.23279298432102047
シンボリスウォード,0.07042253521126761,0.028565190686952943,0.09523809523809523,0.08333333333333333
シンボリルドルフ,0.2001182382500739,0.18890693866489852,0.1880801172447484,0.2040990606319385
シーキングザダイヤ,0.22839506172839505,0.19106215417844755,0.12280701754385964,0.2490272373540856
シービークラウド,0.06666666666666667,0.0188404679642711,0.08,0.1111111111111111
シービークロス,0.19047619047619047,0.1398658546450014,0.18072289156626506,0.21875
シーホーク,0.24324324324324326,0.13708084518354055,0.20689655172413793,0.3
シーロ,0.09352517985611511,0.06660390275688734,0.12878787878787878,0.06976744186046512
ジェイドハンター,0.18556701030927836,0.12483457811081328,0.14285714285714285,0.25862068965517243
ジェイドロバリー,0.2541802136553646,0.24649593018082916,0.23033509700176366,0.26229805772372483
ジェットアラウンド,0.2903225806451613,0.16632595561321167,0.25,0.3
ジェニュイン,0.17046101309049516,0.16013585207367168,0.15319747013352072,0.17597471022128555
ジェネラス,0.18516912402428448,0.17202363111354615,0.1830065359477124,0.1875
ジェリ,0.23622047244094488,0.20127218137019875,0.1743119266055046,0.2644927536231884
ジャイアントレッカー,0.10097719869706841,0.08175694944072193,0.1111111111111111,0.10123456790123457
ジャスタウェイ,0.21976149914821125,0.20921523889281707,0.23083661848445028,0.2018348623853211
ジャングルポケット,0.1938033228558599,0.18767353039038395,0.2111801242236025,0.1557184750733138
ジャンダルム,0.21428571428571427,0.15983942650665897,0.22784810126582278,0.20588235294117646
ジヤツジアンジエルーチ,0.24069767441860465,0.217079008132455,0.22727272727272727,0.22141119221411193
ジュンツバサ,0.17647058823529413,0.05314598448266387,0.18181818181818182,0.23076923076923078
ジユニアス,0.171875,0.12028475964618375,0.23529411764705882,0.11475409836065574
ジョウテンブレーヴ,0.20253164556962025,0.13310819695332574,0.13513513513513514,0.2653061224489796
ジョリーズヘイロー,0.18991731128300882,0.17947641436866157,0.14500941619585686,0.20939334637964774
ジョーカプチーノ,0.18586179507545672,0.1681235449021662,0.19213973799126638,0.17975567190226877
ジョービッグバン,0.04081632653061224,0.007453839890741341,0.06451612903225806,0.08333333333333333
ジヨージモナーク,0.1206896551724138,0.059080936082920844,0.23076923076923078,0.0975609756097561
ジヨージレツクス,0.13333333333333333,0.025999332600867814,0.25,0.14285714285714285
ジングウブレーブ,0.21621621621621623,0.14258114372072914,0.19444444444444445,0.24444444444444444
ジングウモアー,0.25,0.07882004566602895,0.25,0.25
ジークエンブレム,0.2909090909090909,0.1955038637317131,0.14285714285714285,0.1875
スイセイガバナー,0.25,0.05337550047023718,0.25,0.25
スイフトスワロー,0.14673913043478262,0.10622832716516242,0.1746031746031746,0.13821138211382114
スウィフトカレント,0.17918088737201365,0.15377917109340825,0.174496644295302,0.18493150684931506
スウェプトオーヴァーボード,0.18942669828427955,0.1818644509091265,0.17444289693593315,0.20257081647226852
スエヒロコマンダー,0.14049586776859505,0.1055860535328826,0.17751479289940827,0.08333333333333333
スカイアンドリュウ,0.125,0.061286728690963514,0.18421052631578946,0.08333333333333333
スカラマンガ,0.19230769230769232,0.11042333747848225,0.16666666666666666,0.21951219512195122
スキャターザゴールド,0.156056338028169,0.14211497419104155,0.11247443762781185,0.17142857142857143
スキャット,0.19047619047619047,0.0713538843086182,0.16666666666666666,0.25
スキャン,0.20981464600425404,0.2016103579745804,0.1803998049731838,0.22534883720930232
スキーキャプテン,0.14699792960662525,0.12137651310760239,0.14285714285714285,0.15625
スクラムダイナ,0.06976744186046512,0.01975080506143475,0.13043478260869565,0.07407407407407407
スクリーンヒーロー,0.23647253201156546,0.2264914354553357,0.2324397692568714,0.24310915104740904
スクワートルスクワート,0.176,0.160080572270161,0.1571969696969697,0.19300106044538706
スズカコバン,0.2260127931769723,0.1949535595486735,0.2013888888888889,0.24422442244224424
スズカコーズウェイ,0.22932330827067668,0.1999574777494781,0.06818181818181818,0.24793388429752067
スズカストリート,0.14,0.08756491127761439,0.13043478260869565,0.16049382716049382
スズカフェニックス,0.14226973684210525,0.12613934541034252,0.16793893129770993,0.10516605166051661
スズカマンボ,0.17401528512639625,0.16343516891951235,0.1541440743609605,0.1818634778276034
スズノミヤビオー,0.11764705882352941,0.022678782722445716,0.16666666666666666,0.16666666666666666
スズパレード,0.14634146341463414,0.06740094052270874,0.09090909090909091,0.25
スズマツハ,0.1111111111111111,0.021317626921521112,0.11764705882352941,0.25
スズユウ,0.25,0.05337550047023718,0.25,0.25
スタチューオブリバティ,0.21450335161486897,0.19804071409716162,0.19775280898876405,0.22212837837837837
スターオブコジーン,0.19318181818181818,0.18374942833758465,0.19522525991528686,0.1871866295264624
スターキングマン,0.057692307692307696,0.016223415494538405,0.11538461538461539,0.06060606060606061
スターサンシャイン,0.2127659574468085,0.12296068709948114,0.22580645161290322,0.21739130434782608
スターマン,0.18947368421052632,0.1275761722918727,0.2608695652173913,0.06060606060606061
スターリフト,0.19607843137254902,0.1522109741405197,0.21978021978021978,0.18333333333333332
スターリングローズ,0.15041962556488056,0.1357446113405949,0.15848214285714285,0.15185185185185185
スダビート,0.25862068965517243,0.16974992888966658,0.24,0.2894736842105263
スダホーク,0.16666666666666666,0.11164163717328655,0.1864406779661017,0.16326530612244897
ステイゴールド,0.22734887616920285,0.22161102889143527,0.23478734016504943,0.17940320232896653
ステイード,0.25,0.05337550047023718,0.25,0.25
ステイールハート,0.16042780748663102,0.11854874711430975,0.15151515151515152,0.14285714285714285
ステツピングトム,0.25,0.05337550047023718,0.25,0.25
ステートジヤガー,0.1111111111111111,0.03219890462003194,0.15789473684210525,0.13333333333333333
ステートリードン,0.13793103448275862,0.11565954907536327,0.16140350877192983,0.12345679012345678
ストラダビンスキー,0.1,0.03579928754212988,0.1,0.16
ストラヴィンスキー,0.1905016008537887,0.175774117175353,0.16819012797074953,0.20465116279069767
ストリートセンス,0.22285714285714286,0.1974584661339946,0.17452830188679244,0.25
ストロングリターン,0.16181549087321165,0.14855583347163717,0.13709677419354838,0.17950754567116758
ストローズクリーク,0.15328467153284672,0.10586182407910273,0.1111111111111111,0.18571428571428572
ストーミングホーム,0.20346715328467152,0.18948195084337904,0.20072661217075385,0.20416253716551042
ストームオンザルース,0.20761904761904762,0.17917307606121444,0.188,0.16956521739130434
ストームファング,0.13333333333333333,0.025999332600867814,0.25,0.14285714285714285
スニッツェル,0.23841059602649006,0.21331723412722775,0.2665094339622642,0.20414201183431951
スノードラゴン,0.0975609756097561,0.03488485387651704,0.10714285714285714,0.15
スパイキュール,0.18022657054582905,0.16032735547538693,0.10830324909747292,0.2108345534407028
スパロービート,0.16666666666666666,0.033319217684229845,0.25,0.18181818181818182
スパートホーラー,0.1875,0.08781446714324877,0.2,0.20689655172413793
スピニングワールド,0.1939218523878437,0.16971183711964283,0.2175824175824176,0.15418502202643172
スピリッツミノル,0.18181818181818182,0.03677143788746509,0.25,0.2
スピルバーグ,0.17520858164481526,0.1540816863616783,0.1694915254237288,0.17827298050139276
スピークリーズン,0.34615384615384615,0.20237777985466227,0.29411764705882354,0.2
スピードヒーロー,0.2,0.041023167506996534,0.2,0.2
スピードワールド,0.19413092550790068,0.164055926792545,0.18631178707224336,0.21910112359550563
スプラッシュオブカラー,0.20424403183023873,0.17104649618260923,0.20437956204379562,0.20869565217391303
スプレンデイドモーメント,0.199203187250996,0.1592164035316133,0.21666666666666667,0.17692307692307693
スペシャルウィーク,0.22539114886008046,0.21892084653139401,0.23036350677120457,0.2188535031847134
スポーツキー,0.2564102564102564,0.15028202347670996,0.1111111111111111,0.28
スマイルジャック,0.14285714285714285,0.02805337732017585,0.2222222222222222,0.16666666666666666
スマコバクリーク,0.1851400730816078,0.1632993858757179,0.13761467889908258,0.20741989881956155
スマノアスカ,0.16666666666666666,0.033319217684229845,0.16666666666666666,0.16666666666666666
スマノダイドウ,0.18181818181818182,0.06780647293683403,0.2727272727272727,0.16666666666666666
スマノヒツト,0.34375,0.21336046293527158,0.35714285714285715,0.32
スマートカイザー,0.05555555555555555,0.010248664559110235,0.1111111111111111,0.08333333333333333
スマートギルド,0.15384615384615385,0.030460165659137187,0.18181818181818182,0.2222222222222222
スマートファルコン,0.1847609561752988,0.17069875181382313,0.10964912280701754,0.1954674220963173
スマートボーイ,0.1279373368146214,0.10104346991845865,0.08064516129032258,0.14285714285714285
スマートロビン,0.1440677966101695,0.09474508818503581,0.09836065573770492,0.2
スラヴィック,0.175,0.14728976339378339,0.11805555555555555,0.20597014925373133
スリリングサンデー,0.10602409638554217,0.08231808956538998,0.1076923076923077,0.1141552511415525
スリルシヨー,0.19621993127147766,0.18423222759954924,0.20613496932515338,0.17510729613733905
スリーロールス,0.07692307692307693,0.03707171011037789,0.06779661016949153,0.06060606060606061
スルーオダイナ,0.22123893805309736,0.17735733672491585,0.23076923076923078,0.17857142857142858
スルーザドラゴン,0.23552894211576847,0.20498527363142707,0.23529411764705882,0.22264150943396227
スルーザワールド,0.15384615384615385,0.030460165659137187,0.16666666666666666,0.25
スワーヴリチャード,0.4177215189873418,0.35395875328391024,0.4420289855072464,0.25925925925925924
スーパークリーク,0.12037037037037036,0.10004597240844439,0.12023460410557185,0.12666666666666668
スーパーシンザン,0.13333333333333333,0.025999332600867814,0.25,0.14285714285714285
スーパーホーネット,0.24242424242424243,0.17497929486832128,0.27848101265822783,0.14814814814814814
スーパーミスト,0.16666666666666666,0.033319217684229845,0.25,0.18181818181818182
スーパーライセンス,0.20833333333333334,0.08980907509868714,0.13333333333333333,0.3125
スーパールーセント,0.4626865671641791,0.36377448589346423,0.3333333333333333,0.3333333333333333
セイウンスカイ,0.1581769436997319,0.12821212635296617,0.17488789237668162,0.14285714285714285
セイクリムズン,0.11764705882352941,0.022678782722445716,0.11764705882352941,0.11764705882352941
セイントアレックス,0.13333333333333333,0.07967976154148645,0.21428571428571427,0.13253012048192772
セキテイボーイ,0.2222222222222222,0.046389263979611135,0.2222222222222222,0.2222222222222222
セキテイリュウオー,0.047619047619047616,0.016626873877580165,0.08,0.05405405405405406
セクレト,0.2199546485260771,0.18828081020577161,0.25308641975308643,0.1956521739130435
セクレフアスター,0.26842105263157895,0.21708563835915803,0.20270270270270271,0.3114754098360656
セリーセクレタリー,0.21428571428571427,0.06604956721630965,0.25,0.23076923076923078
セレスティアルストーム,0.1986644407345576,0.17245289507152836,0.22364217252396165,0.16845878136200718
セレスハント,0.22950819672131148,0.1469293693006621,0.25,0.23214285714285715
セレン,0.15384615384615385,0.030460165659137187,0.2,0.2
センシュウルル,0.16,0.05900834386487541,0.2727272727272727,0.14285714285714285
セントシーザー,0.19689119170984457,0.1517708465353631,0.19480519480519481,0.21739130434782608
セントジョーンズ,0.09615384615384616,0.05362394857153838,0.13725490196078433,0.09259259259259259
センリョウヤクシャ,0.1,0.019033120121624,0.2222222222222222,0.1111111111111111
ゼネラリスト,0.16129032258064516,0.1310301170532427,0.14893617021276595,0.18478260869565216
ゼネラリゼーシヨン,0.47368421052631576,0.3427652924246003,0.2727272727272727,0.5
ゼンノエルシド,0.16945996275605213,0.15099448068444324,0.16693679092382496,0.17370892018779344
ゼンノドラゴン,0.058823529411764705,0.010876071043344062,0.14285714285714285,0.07407407407407407
ゼンノメイジン,0.0875,0.04232707428411256,0.09375,0.1111111111111111
ゼンノロブロイ,0.2149083258190562,0.20817844168944458,0.21630518977536795,0.21241685144124167
ソウルオブザマター,0.1621160409556314,0.14474848741796384,0.11486486486486487,0.1811764705882353
ソングオブウインド,0.15057283142389524,0.13408236382123473,0.14108527131782947,0.15779467680608364
ソヴィエトスター,0.22191400832177532,0.20414223829478353,0.22345483359746435,0.2182741116751269
タイガーチャンプ,0.14285714285714285,0.02805337732017585,0.16666666666666666,0.2222222222222222
タイキウルフ,0.2,0.041023167506996534,0.2222222222222222,0.25
タイキエルドラド,0.2222222222222222,0.046389263979611135,0.2222222222222222,0.2222222222222222
タイキシャトル,0.20349573587773367,0.1974394505433447,0.21392244119516846,0.18950437317784258
タイキシャーロック,0.19063545150501673,0.1545386433881182,0.06976744186046512,0.21568627450980393
タイキバカラ,0.2222222222222222,0.046389263979611135,0.2222222222222222,0.2222222222222222
タイキファイヤー,0.13414634146341464,0.0931729003853299,0.08196721311475409,0.17272727272727273
タイキフォーチュン,0.08,0.015011778763587415,0.1111111111111111,0.16666666666666666
タイキブリザード,0.1663961038961039,0.14926241311160493,0.15151515151515152,0.1575875486381323
タイセイレジェンド,0.21100917431192662,0.15014402257565568,0.10526315789473684,0.23958333333333334
タイテエム,0.28,0.22158929717698134,0.21428571428571427,0.36764705882352944
タイトスポット,0.18617614269788182,0.1712650705523693,0.17844727694090382,0.19753086419753085
タイムパラドックス,0.16755190729116368,0.15424105032173605,0.1016949152542373,0.1766398158803222
タカサゴオニオン,0.2,0.041023167506996534,0.2,0.2
タガジヨオー,0.4,0.22972091932616245,0.3333333333333333,0.4
タガノゲルニカ,0.12857142857142856,0.06976515630016684,0.15384615384615385,0.13157894736842105
タガノサイレンス,0.11764705882352941,0.042481299792738715,0.17647058823529413,0.09523809523809523
タガノマイバッハ,0.1388888888888889,0.07845068605460145,0.17647058823529413,0.09803921568627451
タガノロックオン,0.3076923076923077,0.17030365397347064,0.25,0.32
タクラマカン,0.23076923076923078,0.11005619966179388,0.24,0.25
タケシバオー,0.14285714285714285,0.052233240682168613,0.3076923076923077,0.09090909090909091
タケデン,0.14754098360655737,0.08054548807729409,0.1836734693877551,0.10526315789473684
タケデンビクトリー,0.11764705882352941,0.022678782722445716,0.11764705882352941,0.11764705882352941
タケノコマヨシ,0.3,0.09774681343927576,0.3,0.3
タックスパラダイス,0.23636363636363636,0.14867424880437966,0.15384615384615385,0.2653061224489796
タップダンスシチー,0.10542635658914729,0.08626973387457451,0.11618257261410789,0.09798994974874371
タツプオンウツド,0.17982456140350878,0.13972810862155216,0.2077922077922078,0.10810810810810811
タニノギムレット,0.18420497680303669,0.17769589423177212,0.18529619181946402,0.16646598434677906
タバスコキャット,0.21734296831573097,0.20153296042967556,0.19724137931034483,0.23255813953488372
タマトツプ,0.25,0.05337550047023718,0.25,0.25
タマモクロス,0.2051395007342144,0.19714087555478021,0.21779516010755318,0.1784841075794621
タモノダンサー,0.2222222222222222,0.046389263979611135,0.25,0.25
タヤスツヨシ,0.18703358208955223,0.17732344479753778,0.16343963553530752,0.18793706293706294
タヤスレミグラン,0.125,0.051903557518485535,0.23529411764705882,0.1
タリスマニック,0.16483516483516483,0.13396674909075226,0.12686567164179105,0.189873417721519
タンゾア,0.13333333333333333,0.025999332600867814,0.13333333333333333,0.15384615384615385
ターゴワイス,0.16891891891891891,0.1344675059744407,0.17142857142857143,0.15384615384615385
タートルボウル,0.2053358742258218,0.19099764665339045,0.1893939393939394,0.2130503144654088
ターナボス,0.14285714285714285,0.05978550300420238,0.15789473684210525,0.17391304347826086
ターネンバーグ,0.25,0.05337550047023718,0.25,0.25
ダイイチコウヤ,0.18867924528301888,0.10821706954030208,0.2,0.2
ダイイチボーイ,0.2517482517482518,0.1942728862745822,0.07142857142857142,0.29508196721311475
ダイカツケンザン,0.2,0.041023167506996534,0.2,0.2
ダイコウガルダン,0.2,0.06110292885897761,0.2222222222222222,0.23076923076923078
ダイゴウシュール,0.07407407407407407,0.013842048212614609,0.15384615384615385,0.09523809523809523
ダイシユンエイ,0.13333333333333333,0.025999332600867814,0.2222222222222222,0.15384615384615385
ダイシンオレンジ,0.1935483870967742,0.1176200813745817,0.16666666666666666,0.21568627450980393
ダイシングロウ,0.18181818181818182,0.03677143788746509,0.18181818181818182,0.18181818181818182
ダイシンフブキ,0.2857142857142857,0.11266578079028225,0.4,0.18181818181818182
ダイシンプラン,0.18181818181818182,0.03677143788746509,0.18181818181818182,0.18181818181818182
ダイゼンキング,0.2,0.06110292885897761,0.21428571428571427,0.25
ダイゼンシルバー,0.3142857142857143,0.22671413852149244,0.3055555555555556,0.3170731707317073
ダイタクサージャン,0.1559633027522936,0.1028483554909907,0.16666666666666666,0.16666666666666666
ダイタクバートラム,0.11764705882352941,0.022678782722445716,0.15384615384615385,0.18181818181818182
ダイタクヘリオス,0.15947242206235013,0.13910511390711566,0.18441558441558442,0.12954545454545455
ダイタクヤマト,0.11363636363636363,0.06370259320520275,0.15873015873015872,0.06666666666666667
ダイタクリーヴァ,0.18041237113402062,0.14930223899132838,0.1947565543071161,0.12871287128712872
ダイナオリンピア,0.3488372093023256,0.23465721917755045,0.25,0.35714285714285715
ダイナガリバー,0.1735241502683363,0.16052174352451254,0.18035882908404155,0.16164383561643836
ダイナコスモス,0.15217391304347827,0.12415428247447818,0.11333333333333333,0.17735849056603772
ダイナサンキユー,0.2413793103448276,0.19357564979834424,0.23529411764705882,0.21875
ダイナマイトダディ,0.20218579234972678,0.15538942366113365,0.23770491803278687,0.10344827586206896
ダイナレター,0.25757575757575757,0.20800124521590174,0.1891891891891892,0.27380952380952384
ダイヤモンドショール,0.1983640081799591,0.1694468981438344,0.22813688212927757,0.16055045871559634
ダイユウサク,0.25862068965517243,0.16974992888966658,0.23076923076923078,0.21052631578947367
ダイワゲーリック,0.22857142857142856,0.12282976558880637,0.3333333333333333,0.14285714285714285
ダイワテキサス,0.10613207547169812,0.08265473544581318,0.11814345991561181,0.10588235294117647
ダイワメジャー,0.25106327291762087,0.24531252850022922,0.26950203034836506,0.21982758620689655
ダイワレイダース,0.09090909090909091,0.026043046048517603,0.125,0.125
ダノンゴーゴー,0.12195121951219512,0.05057032834082581,0.13793103448275862,0.15789473684210525
ダノンシャンティ,0.19765421372719374,0.18415535651997797,0.22651128914785143,0.14860335195530727
ダノンシャーク,0.14225941422594143,0.10694131807865041,0.1111111111111111,0.15492957746478872
ダノンバラード,0.22027027027027027,0.19566327211490733,0.21061946902654868,0.25274725274725274
ダノンレジェンド,0.232163080407701,0.20915347808329957,0.11065573770491803,0.28081123244929795
ダハール,0.15137067938021453,0.13151172892473856,0.15384615384615385,0.14717741935483872
ダブルスター,0.35,0.18750431150540045,0.35,0.35
ダミスター,0.18290258449304175,0.16322782827323834,0.1586021505376344,0.19689119170984457
ダンカーク,0.17763483424047502,0.1638372391677914,0.14026402640264027,0.19219653179190752
ダンサーズイメージ,0.28,0.21623818912492518,0.09523809523809523,0.3153153153153153
ダンシングカラー,0.16042780748663102,0.11854874711430975,0.08571428571428572,0.21138211382113822
ダンシングサーパス,0.2692307692307692,0.13947530657893,0.2692307692307692,0.2692307692307692
ダンシングパートナ,0.0967741935483871,0.027815549739749652,0.125,0.13636363636363635
ダンシングブレーヴ,0.25082906240578834,0.23853628912749192,0.2608450704225352,0.23609129814550642
ダンスインザダーク,0.21250226709388792,0.2072904193555831,0.22532909668633683,0.17002629272567923
ダンスオブライフ,0.20689655172413793,0.17983728359293238,0.18411552346570398,0.2280130293159609
ダンスディレクター,0.15384615384615385,0.030460165659137187,0.18181818181818182,0.2222222222222222
ダンスホール,0.19595216191352346,0.17648030604680748,0.2259475218658892,0.12771739130434784
ダンツシアトル,0.14195583596214512,0.11983273488763793,0.12251655629139073,0.1476923076923077
ダンディコマンド,0.13836477987421383,0.09618341231520913,0.1588785046728972,0.13725490196078433
ダージー,0.11055276381909548,0.07642966565490246,0.07792207792207792,0.15178571428571427
チアズサイレンス,0.1375,0.0800909928678336,0.11428571428571428,0.22857142857142856
チアズブライトリー,0.20238095238095238,0.15362242475927032,0.23308270676691728,0.13157894736842105
チェリークラウン,0.16483516483516483,0.10563444894973278,0.10526315789473684,0.189873417721519
チチカステナンゴ,0.17655434266729947,0.16307073485078585,0.19817073170731708,0.138255033557047
チャクラ,0.08823529411764706,0.03972096642982782,0.05555555555555555,0.15384615384615385
チュニカオー,0.1774193548387097,0.10454921099544019,0.15384615384615385,0.19642857142857142
チョウカイリョウガ,0.08108108108108109,0.023099304248668094,0.16666666666666666,0.07692307692307693
チーフベアハート,0.20174346201743462,0.19141241891698282,0.20161652447238437,0.19789227166276346
ツルマルボーイ,0.19760479041916168,0.1491984764668347,0.05172413793103448,0.27586206896551724
ツータイミング,0.20945945945945946,0.17176117677307096,0.1796875,0.2111801242236025
ティッカネン,0.17100868403473615,0.15526043174571402,0.19375812743823148,0.14285714285714285
ティンバーカントリー,0.18801498127340824,0.18020266492646106,0.1285551763367463,0.20966643975493532
テイエムオペラオー,0.18557168784029038,0.17211765670563595,0.14616193480546794,0.2053903345724907
テイエムサンデー,0.05405405405405406,0.033100377548853706,0.043795620437956206,0.050505050505050504
テイエムジャンボ,0.15611814345991562,0.11912882426347671,0.20512820512820512,0.14743589743589744
テイエムジンソク,0.11764705882352941,0.022678782722445716,0.2,0.14285714285714285
テイジヨウキユウ,0.375,0.1287563928042427,0.375,0.375
テユデナムキング,0.14925373134328357,0.08457065619233316,0.19607843137254902,0.125
テユーター,0.22670025188916876,0.19297406094776548,0.16176470588235295,0.265625
テラノフォースワン,0.3333333333333333,0.16636269171015386,0.3076923076923077,0.3333333333333333
テリオス,0.20588235294117646,0.16430160883478867,0.17834394904458598,0.2028985507246377
テレグノシス,0.1686746987951807,0.13608800691094342,0.14361702127659576,0.20666666666666667
テンザンテースト,0.16,0.05900834386487541,0.21428571428571427,0.16666666666666666
テンパレートシル,0.1829121540312876,0.16130722803292918,0.11510791366906475,0.2178030303030303
テンビー,0.16553169198533263,0.15174522320531741,0.19892952720785012,0.10303030303030303
ディアブロ,0.17846460618145563,0.1589575210875196,0.15702479338842976,0.19808306709265175
ディオスコリダー,0.2,0.041023167506996534,0.25,0.2222222222222222
ディクタット,0.211340206185567,0.1649881236071302,0.23741007194244604,0.16393442622950818
ディスクリートキャット,0.2193593314763231,0.20162773162349876,0.18888888888888888,0.23302938196555217
ディヴァインライト,0.3684210526315789,0.19895329584249163,0.2222222222222222,0.4117647058823529
ディープインパクト,0.33032450241458683,0.3251360652164599,0.3442888804800259,0.24360613810741688
ディープエクシード,0.2,0.041023167506996534,0.25,0.2222222222222222
ディープスカイ,0.17674418604651163,0.16400197901224486,0.1395973154362416,0.19218651543793322
ディープブリランテ,0.1939935064935065,0.1833911865605655,0.20738762794837562,0.16855524079320114
ディーマジェスティ,0.2446601941747573,0.21410193242916054,0.2923076923076923,0.1984732824427481
デイカードレム,0.22549019607843138,0.16092307550341417,0.11764705882352941,0.20689655172413793
デイクタス,0.2777777777777778,0.16395695554403333,0.25,0.4166666666666667
デインヒル,0.31127679403541475,0.28823782220214267,0.3459214501510574,0.25692695214105793
デイヴイツズバード,0.15789473684210525,0.1120810134546854,0.1827956989247312,0.10344827586206896
デクラレーションオブウォー,0.23636363636363636,0.20559918455925366,0.2548262548262548,0.21940928270042195
デザートキング,0.1375176304654443,0.12277516660796099,0.12219959266802444,0.14844649021864212
デザートストーリー,0.12658227848101267,0.09726024307735139,0.13008130081300814,0.12953367875647667
デスペラード,0.25,0.05337550047023718,0.25,0.25
デヒア,0.18458698661744347,0.1710487943728985,0.13220338983050847,0.20722563053851398
デビッドジュニア,0.11487758945386065,0.09298923273616504,0.13448275862068965,0.08225108225108226
デュラブ,0.19366515837104073,0.17443937827186667,0.12133891213389121,0.21713615023474178
デュランダル,0.19096209912536444,0.1809718649922958,0.19772528433945757,0.1780979827089337
デュークグランプリ,0.06779661016949153,0.02389845679492622,0.09523809523809523,0.08888888888888889
デリケートワン,0.125,0.024225732468536623,0.125,0.125
トゥザグローリー,0.17694566813509544,0.16021626013828655,0.14255765199161424,0.19854721549636803
トゥザワールド,0.17713004484304934,0.15653387885883588,0.1503957783641161,0.2
トゥナンテ,0.17857142857142858,0.07593620431582014,0.21739130434782608,0.16666666666666666
トウカイエリート,0.25,0.05337550047023718,0.25,0.25
トウカイテイオー,0.1957610789980732,0.18676957401094368,0.20267686424474188,0.17455947136563876
トウカイワイルド,0.07462686567164178,0.030324283800267617,0.07692307692307693,0.10416666666666667
トウケイニセイ,0.2,0.041023167506996534,0.25,0.2222222222222222
トウケイヘイロー,0.23943661971830985,0.1610414121466817,0.19444444444444445,0.2857142857142857
トウショウフリート,0.15,0.09005101004581281,0.14,0.2413793103448276
トウショウマリオ,0.16,0.10408058398259457,0.1509433962264151,0.125
トウシヨウイレブン,0.19047619047619047,0.10097332379316575,0.18181818181818182,0.21052631578947367
トウシヨウサミツト,0.17509727626459143,0.1376599708318335,0.18571428571428572,0.1693548387096774
トウシヨウペガサス,0.24093264248704663,0.20594928926432715,0.24183006535947713,0.23931623931623933
トウシヨウボーイ,0.23034934497816595,0.2078164046230959,0.24057450628366248,0.1884498480243161
トウシヨウルチエー,0.25,0.19753400115820213,0.08695652173913043,0.27358490566037735
トウシヨウレオ,0.18181818181818182,0.03677143788746509,0.18181818181818182,0.18181818181818182
トウホーカムリ,0.2558139534883721,0.1543602292000113,0.375,0.20588235294117646
トキオエレメンツ,0.25,0.1726923692431477,0.14285714285714285,0.2903225806451613
トキノエイユウ,0.18181818181818182,0.03677143788746509,0.2222222222222222,0.2222222222222222
トスター,0.3684210526315789,0.19895329584249163,0.2222222222222222,0.4117647058823529
トップクラス,0.14953271028037382,0.09702997608089146,0.2857142857142857,0.12941176470588237
トップシャイアン,0.2,0.041023167506996534,0.25,0.2222222222222222
トドロキヒホウ,0.1935483870967742,0.09087405970502127,0.20833333333333334,0.16666666666666666
トニービン,0.285885820325292,0.2781479475299207,0.30068472759749926,0.2437636761487965
トビーズコーナー,0.17882352941176471,0.15765308636101832,0.11328125,0.20913884007029876
トマム,0.10526315789473684,0.020110675876131676,0.1111111111111111,0.25
トミシノポルンガ,0.25,0.05337550047023718,0.25,0.25
トモエアレックス,0.2,0.041023167506996534,0.2222222222222222,0.25
トライバルセンプー,0.21428571428571427,0.06604956721630965,0.25,0.23076923076923078
トライマイベスト,0.21666666666666667,0.13554037768103866,0.20512820512820512,0.2222222222222222
トランセンド,0.22643097643097643,0.20673081530795745,0.20297029702970298,0.22727272727272727
トレジャーアイランド,0.15286624203821655,0.10840688736166401,0.10638297872340426,0.18556701030927836
トレボロ,0.1834862385321101,0.14216697736630537,0.11818181818181818,0.18681318681318682
トロットサンダー,0.13026819923371646,0.10688764176546744,0.07567567567567568,0.16300940438871472
トロットスター,0.22448979591836735,0.13416189061310138,0.15789473684210525,0.2702702702702703
トロメオ,0.2485207100591716,0.22162807086363276,0.3020527859237537,0.19230769230769232
トワイニング,0.19970631424375918,0.1895044028940359,0.16576454668470908,0.21634810898739326
トーアフアルコン,0.1875,0.08781446714324877,0.2222222222222222,0.2
トーエイジヤンボ,0.3333333333333333,0.1111127066076292,0.3333333333333333,0.3333333333333333
トーセンイマジゲン,0.18181818181818182,0.03677143788746509,0.25,0.2
トーセンジョーダン,0.13427947598253276,0.11622340391182961,0.08262108262108261,0.1618705035971223
トーセンダンス,0.14358322744599747,0.12356184552694478,0.14849624060150377,0.11330049261083744
トーセンファントム,0.1718377088305489,0.1424723855530307,0.13658536585365855,0.20476190476190476
トーセンブライト,0.21635883905013192,0.18248073887411204,0.1,0.2558922558922559
トーセンホマレボシ,0.15073313782991202,0.13672095024825381,0.15528634361233482,0.15127175368139223
トーセンモナーク,0.19444444444444445,0.09782836842691164,0.26666666666666666,0.2
トーセンラー,0.1517467248908297,0.13269927436798176,0.1783166904422254,0.07281553398058252
トーセンレーヴ,0.17073170731707318,0.08513250458598166,0.175,0.25
トーセンロッキー,0.2222222222222222,0.046389263979611135,0.25,0.25
トーセンロレンス,0.1694915254237288,0.09663499174794525,0.22727272727272727,0.10526315789473684
トーホウエンペラー,0.20374220374220375,0.1742781091297268,0.09523809523809523,0.2211764705882353
トーホウキング,0.0989010989010989,0.05316636231381722,0.08333333333333333,0.125
トーホウジャッカル,0.21978021978021978,0.1712251713626337,0.24060150375939848,0.17857142857142858
トーヨーシアトル,0.11538461538461539,0.06234894748848049,0.1724137931034483,0.10714285714285714
トーヨーヒリュウ,0.08536585365853659,0.041263475319584346,0.1935483870967742,0.05357142857142857
トーヨーリファール,0.23958333333333334,0.17147809063075545,0.0967741935483871,0.3055555555555556
トーワトリプル,0.07142857142857142,0.013322991488137013,0.15384615384615385,0.09090909090909091
ドゥラメンテ,0.2891937290033595,0.2767847887754738,0.3053839364518976,0.26160990712074306
ドウカンガバナー,0.3157894736842105,0.15634363948365287,0.375,0.2
ドウカンテスコ,0.25287356321839083,0.2004734012222495,0.24489795918367346,0.2595419847328244
ドウカンヤシマ,0.10869565217391304,0.04481514690185674,0.16666666666666666,0.12195121951219512
ドクタースパート,0.2696629213483146,0.19572841041330827,0.25,0.25
ドクターデヴィアス,0.23954183266932272,0.2240275000402615,0.29185185185185186,0.12199036918138041
ドラマテイツクビツド,0.125,0.08398757648267377,0.041666666666666664,0.16666666666666666
ドラムタップス,0.20945945945945946,0.15692823973352488,0.21978021978021978,0.1935483870967742
ドリームウェル,0.1718213058419244,0.14677793075035894,0.19692307692307692,0.13191489361702127
ドリームジャーニー,0.21989860583016477,0.20295763718827053,0.2431740614334471,0.13128491620111732
ドリームスプレッド,0.13333333333333333,0.025999332600867814,0.2222222222222222,0.15384615384615385
ドリームバレンチノ,0.2222222222222222,0.11914399458890375,0.16666666666666666,0.25806451612903225
ドレフォン,0.2676266137040715,0.2515356945786652,0.2222222222222222,0.28786791098348885
ドロツポロード,0.1,0.028795509098721698,0.2,0.1111111111111111
ナイキアディライト,0.2087912087912088,0.14288057073041074,0.16981132075471697,0.27906976744186046
ナイキゴージャス,0.25,0.05337550047023718,0.25,0.25
ナイスダンサー,0.2591587516960651,0.23300266797808397,0.2116564417177914,0.2828282828282828
ナイスネイチャ,0.21739130434782608,0.12581857564346371,0.09090909090909091,0.3225806451612903
ナイスベンゲル,0.2,0.041023167506996534,0.2,0.2
ナカヤマストーム,0.11475409836065574,0.05605488163550019,0.15,0.125
ナカヤマフェスタ,0.1299684542586751,0.11634965086597833,0.14720812182741116,0.1048951048951049
ナグルスキー,0.1864,0.1685784119247866,0.165374677002584,0.17684478371501272
ナスダックパワー,0.16666666666666666,0.033319217684229845,0.16666666666666666,0.16666666666666666
ナスノダンデー,0.25,0.05337550047023718,0.25,0.25
ナスルエルアラブ,0.18681318681318682,0.16596955134371025,0.164021164021164,0.19207920792079208
ナトルーン,0.216,0.15836650886205605,0.2111111111111111,0.23809523809523808
ナムラタイタン,0.18,0.09930803599413841,0.2,0.1951219512195122
ナリタアトラス,0.16666666666666666,0.033319217684229845,0.2222222222222222,0.2
ナリタセンチュリー,0.27450980392156865,0.17790319764431659,0.3333333333333333,0.24324324324324326
ナリタタイシン,0.07231920199501247,0.052347520684246994,0.09917355371900827,0.034722222222222224
ナリタトップロード,0.16429249762583095,0.14588739278157617,0.17252931323283083,0.14184397163120568
ナリタハヤブサ,0.2875,0.20785970016102456,0.10526315789473684,0.3382352941176471
ナリタブライアン,0.22404844290657439,0.20415963051729355,0.2179261862917399,0.23302752293577983
ナルシスノワール,0.11764705882352941,0.022678782722445716,0.2222222222222222,0.2222222222222222
ナヴァホバード,0.25,0.05337550047023718,0.25,0.25
ニシケンモノノフ,0.19753086419753085,0.12966295017116664,0.375,0.140625
ニシノエトランゼ,0.21951219512195122,0.18671994437946898,0.1871345029239766,0.24390243902439024
ニシノスキー,0.2727272727272727,0.13244818558662141,0.35294117647058826,0.16666666666666666
ニシノミラー,0.25,0.05337550047023718,0.25,0.25
ニシノライデン,0.20359281437125748,0.15457317124091297,0.15555555555555556,0.19230769230769232
ニゾン,0.25,0.14121667668986176,0.25,0.2608695652173913
ニチドウアラシ,0.192090395480226,0.15871058582792888,0.13709677419354838,0.195
ニチドウタロー,0.3064516129032258,0.214518740575816,0.15384615384615385,0.3392857142857143
ニツポースワロー,0.25,0.05337550047023718,0.25,0.25
ニツポーテイオー,0.195569962182604,0.18059861247161688,0.18151071025930102,0.20561797752808988
ニホンピロアワーズ,0.1984732824427481,0.14408470212759555,0.25,0.18867924528301888
ニホンピロウイナー,0.1995958688819039,0.1898230517804032,0.18688981868898186,0.2080037226617031
ニホンピロエクセル,0.17391304347826086,0.06459561534990062,0.2222222222222222,0.19047619047619047
ニホンピロカラカ,0.15384615384615385,0.030460165659137187,0.2,0.2
ニホンピロニール,0.13656387665198239,0.10105656123495571,0.1834862385321101,0.10576923076923077
ニホンピロプリンス,0.10526315789473684,0.020110675876131676,0.15384615384615385,0.15384615384615385
ニホンピロマーチ,0.1553398058252427,0.10093709347541652,0.16363636363636364,0.16363636363636364
ニホンピロヤマト,0.125,0.024225732468536623,0.16666666666666666,0.18181818181818182
ニューイヤーズデイ,0.35526315789473684,0.29269570126915734,0.32786885245901637,0.3673469387755102
ニューイングランド,0.1836734693877551,0.16981358975567082,0.1724461105904405,0.17094017094017094
ニユーサラトガ,0.125,0.024225732468536623,0.25,0.13333333333333333
ネイティヴハート,0.09090909090909091,0.0371966771889927,0.1,0.125
ネオキーストン,0.16666666666666666,0.08297930309237617,0.125,0.21212121212121213
ネオユニヴァース,0.21423521093565873,0.20827938579843483,0.1978896103896104,0.23026423764976203
ネオヴァンドーム,0.06666666666666667,0.012393531326131366,0.2,0.08695652173913043
ネロ,0.20422535211267606,0.15122226000403863,0.3103448275862069,0.14285714285714285
ネヴァブション,0.08333333333333333,0.015674071195156656,0.1111111111111111,0.15384615384615385
ネヴァーフォゲット,0.1724137931034483,0.07311377147684749,0.16666666666666666,0.25
ネヴアーダンス,0.14634146341463414,0.06740094052270874,0.15384615384615385,0.2
ネヴアーベター,0.11764705882352941,0.022678782722445716,0.14285714285714285,0.2
ネーハイシーザー,0.18907563025210083,0.1489419481049531,0.20869565217391303,0.18253968253968253
ネーミングライツ,0.15384615384615385,0.030460165659137187,0.2222222222222222,0.18181818181818182
ノノアルコ,0.14444444444444443,0.0886167740737751,0.10526315789473684,0.225
ノボジャック,0.219256434699714,0.19856168458425313,0.14189189189189189,0.23314917127071824
ノボトゥルー,0.19626168224299065,0.1367618463540964,0.2,0.21212121212121213
ノヴェリスト,0.20538488091128754,0.19315773008833828,0.23064066852367687,0.14595660749506903
ノーアテンシヨン,0.18536585365853658,0.16576476605080948,0.16636528028933092,0.18269230769230768
ノーザリー,0.25,0.05337550047023718,0.25,0.25
ノーザンアドヴェンチャー,0.2222222222222222,0.046389263979611135,0.2222222222222222,0.2222222222222222
ノーザンアンサー,0.16666666666666666,0.033319217684229845,0.16666666666666666,0.16666666666666666
ノーザングループ,0.18867924528301888,0.12995224649481965,0.14285714285714285,0.2765957446808511
ノーザンテンペスト,0.09090909090909091,0.0371966771889927,0.10344827586206896,0.12121212121212122
ノーザンテースト,0.2751928922141688,0.26402131539589785,0.2380710659898477,0.29341603053435117
ノーザンデイクテイター,0.19053876478318002,0.16760697344637332,0.14634146341463414,0.1976470588235294
ノーザンボーイ,0.30434782608695654,0.19889156008101208,0.3333333333333333,0.13333333333333333
ノーザンモガミ,0.23529411764705882,0.12675157659681374,0.32,0.125
ノーザンリバー,0.125,0.061286728690963514,0.14285714285714285,0.14285714285714285
ノースエアーポート,0.2222222222222222,0.046389263979611135,0.2222222222222222,0.2222222222222222
ノースガスト,0.2222222222222222,0.046389263979611135,0.2222222222222222,0.2222222222222222
ノーパスノーセール,0.17045454545454544,0.14428761172149865,0.11297071129707113,0.2191780821917808
ノーベルダンサー,0.25,0.05337550047023718,0.25,0.25
ノーリユート,0.198252688172043,0.1814911186012811,0.15913555992141454,0.2102803738317757
ノーリーズン,0.12831858407079647,0.0937619338294477,0.08064516129032258,0.15294117647058825
ハイアーゲーム,0.1493624772313297,0.12510686921275868,0.10330578512396695,0.19407894736842105
ハイエステイト,0.07142857142857142,0.02023978708481503,0.16666666666666666,0.08108108108108109
ハイコマンダー,0.13636363636363635,0.040099536297474425,0.21428571428571427,0.13333333333333333
ハイセイコー,0.2733333333333333,0.21542218944597538,0.23809523809523808,0.2818181818181818
ハイブリツジスルー,0.1606425702811245,0.12404598509276252,0.1320754716981132,0.18309859154929578
ハイライズ,0.12631578947368421,0.07534179315441027,0.16071428571428573,0.10869565217391304
ハウスバスター,0.22103386809269163,0.19281663876708435,0.21397379912663755,0.22857142857142856
ハギノカムイオー,0.19518072289156627,0.16406978435414357,0.23717948717948717,0.1746987951807229
ハギノハイグレイド,0.11538461538461539,0.03351959498950469,0.16666666666666666,0.14285714285714285
ハギノハイブリッド,0.08333333333333333,0.015674071195156656,0.09523809523809523,0.2
ハクサンムーン,0.18,0.1310949333638083,0.2033898305084746,0.17346938775510204
ハクタイセイ,0.05555555555555555,0.010248664559110235,0.11764705882352941,0.08
ハクタイユー,0.25,0.05337550047023718,0.25,0.25
ハクヨウコマンド,0.06896551724137931,0.012841461997051407,0.125,0.1
ハシクランツ,0.21428571428571427,0.10148495300353262,0.1875,0.2631578947368421
ハシコトブキ,0.1,0.019033120121624,0.1111111111111111,0.2222222222222222
ハタノヴァンクール,0.09259259259259259,0.03791274632521482,0.125,0.11363636363636363
ハヤテミグ,0.2077922077922078,0.15641315874451903,0.22784810126582278,0.1951219512195122
ハヤトラ,0.25,0.07882004566602895,0.25,0.25
ハワイアンイメージ,0.14814814814814814,0.054311666601376984,0.14814814814814814,0.14814814814814814
ハンセル,0.13440860215053763,0.11442557948312947,0.14671814671814673,0.1284796573875803
ハンティングホーク,0.1827309236947791,0.15501463453574263,0.2342007434944238,0.1164021164021164
ハーツクライ,0.2654636115398314,0.25988349565165964,0.2732340388467904,0.24474382527046337
ハートレイク,0.1882510013351135,0.16525291559188837,0.102803738317757,0.22817460317460317
ハードスパン,0.21428571428571427,0.18794010102583325,0.17391304347826086,0.22828282828282828
ハードツービート,0.20588235294117646,0.10403677814474449,0.21212121212121213,0.25
ハービンジャー,0.23555107526881722,0.22819828167334708,0.24948396862529243,0.15359477124183007
ハープアイル,0.16792452830188678,0.14197071440982417,0.20754716981132076,0.14375
ハーリー,0.17647058823529413,0.08227530489017439,0.21428571428571427,0.15384615384615385
バイアモン,0.16538789428815004,0.1478815284136624,0.19393139841688653,0.10723192019950124
バイオマスター,0.0970873786407767,0.0541594600431058,0.0625,0.13157894736842105
バゴ,0.18674232654114006,0.17654143084989413,0.19876325088339222,0.16861219195849547
バチアー,0.1540041067761807,0.12795646362006238,0.12921348314606743,0.15699658703071673
バトルイニシャチブ,0.10810810810810811,0.05571097550245443,0.058823529411764705,0.17391304347826086
バトルプラン,0.1765695067264574,0.16193295958309617,0.14342629482071714,0.18991331757289204
バトルライン,0.26055045871559634,0.23015632408369774,0.10843373493975904,0.28761061946902655
バブルガムフェロー,0.22517942583732056,0.21682569361449133,0.1964940888707705,0.23984043879331837
バランスオブゲーム,0.1005586592178771,0.06638476561140776,0.09090909090909091,0.125
バロズハート,0.18518518518518517,0.07898571028519465,0.2,0.20833333333333334
バンダムザク,0.1111111111111111,0.021317626921521112,0.2,0.13333333333333333
バンダムテスコ,0.08695652173913043,0.030934271721403596,0.07142857142857142,0.16
バンデ,0.09523809523809523,0.018065203085418632,0.16666666666666666,0.125
バンドワゴン,0.2553191489361702,0.1579621504621581,0.17647058823529413,0.2972972972972973
バンブーアトラス,0.17229394240317775,0.15864328702930353,0.178714859437751,0.15702479338842976
バンブーエール,0.18023255813953487,0.13435426679669582,0.13333333333333333,0.1987179487179487
バンブーパッション,0.23529411764705882,0.14471815520804995,0.27906976744186046,0.15384615384615385
バンブービギン,0.1856925418569254,0.16131108884898174,0.1423611111111111,0.22133333333333333
バンブーメモリー,0.23076923076923078,0.1774722266897095,0.22784810126582278,0.2125
バーディバーディ,0.20967741935483872,0.13091574005226028,0.2,0.22033898305084745
パイロ,0.22553355124014612,0.21606257154221872,0.13580246913580246,0.2431674842326559
パドスール,0.15776699029126215,0.1292334690054718,0.1518324607329843,0.14215686274509803
パドトロワ,0.13539192399049882,0.10901246385325587,0.08641975308641975,0.15953307392996108
パラダイスクリーク,0.17727160188165386,0.16748021645008226,0.1857707509881423,0.17089590885551528
パルナシヤン,0.20948616600790515,0.16882301820429632,0.24390243902439024,0.18562874251497005
パレスダンサー,0.13551401869158877,0.0991418186755436,0.17333333333333334,0.125
パレスミュージック,0.13864306784660768,0.10907014931413848,0.15151515151515152,0.12138728323699421
パントレセレブル,0.23190789473684212,0.20428430235818718,0.2235294117647059,0.2336065573770492
パークリージエント,0.19840604026845637,0.1851191231958371,0.1430745814307458,0.21577017114914426
パーシヤンボーイ,0.20677966101694914,0.16921506885368728,0.16083916083916083,0.22818791946308725
パーソナリテイ,0.3076923076923077,0.12285066324360105,0.2,0.3076923076923077
パーソナルラッシュ,0.11688311688311688,0.08416646607170113,0.04878048780487805,0.140625
パーフライト,0.1931166347992352,0.16543140946964982,0.16428571428571428,0.19148936170212766
ヒカリデユール,0.2222222222222222,0.046389263979611135,0.2222222222222222,0.2222222222222222
ヒカリバオー,0.2222222222222222,0.10559644892751713,0.2,0.25
ヒシアケボノ,0.20876288659793815,0.17573760300348382,0.2057142857142857,0.21634615384615385
ヒシアリダー,0.16,0.11947493804975216,0.15,0.1774193548387097
ヒシマサル,0.13535353535353536,0.11094932870043911,0.14285714285714285,0.13310580204778158
ヒシミラクル,0.14689265536723164,0.10562077942338931,0.07228915662650602,0.2235294117647059
ヒズフアンシダンサ,0.22388059701492538,0.14562568085293237,0.1875,0.2682926829268293
ヒダカスピード,0.06896551724137931,0.012841461997051407,0.11764705882352941,0.10526315789473684
ヒダシヨウウン,0.25,0.05337550047023718,0.25,0.25
ヒッテングエイト,0.08823529411764706,0.025238919183496494,0.11764705882352941,0.125
ヒラボクディープ,0.18181818181818182,0.03677143788746509,0.2222222222222222,0.2222222222222222
ヒルノダムール,0.07407407407407407,0.047233148334611584,0.056338028169014086,0.1282051282051282
ヒロタケ,0.3,0.09774681343927576,0.3,0.3
ヒロタケスター,0.3939393939393939,0.2596619649420148,0.2857142857142857,0.4230769230769231
ビクトリートウザイ,0.15384615384615385,0.030460165659137187,0.15384615384615385,0.15384615384615385
ビコーペガサス,0.2302158273381295,0.17396101785120055,0.16666666666666666,0.2545454545454545
ビシヨツプボブ,0.2074468085106383,0.1799868743459674,0.199203187250996,0.21359223300970873
ビゼンニシキ,0.19705340699815838,0.17752957944947664,0.1841541755888651,0.2054794520547945
ビッグアーサー,0.21262135922330097,0.19198194095319984,0.25126475548060706,0.15945330296127563
ビッグサンデー,0.2014388489208633,0.1631933073931754,0.22321428571428573,0.1907514450867052
ビワシンセイキ,0.125,0.03651529972590258,0.25,0.13043478260869565
ビワタケヒデ,0.1674641148325359,0.13838715367421733,0.18120805369127516,0.16417910447761194
ビワハヤヒデ,0.1566696508504924,0.1391436448949307,0.1650853889943074,0.13701067615658363
ビーインボナンザ,0.23270440251572327,0.1947611384088972,0.2222222222222222,0.24444444444444444
ビークァイエット,0.16666666666666666,0.07739442003283518,0.18181818181818182,0.1875
ビーチパトロール,0.13033175355450238,0.10443525482587433,0.1450980392156863,0.11242603550295859
ビービーガルダン,0.04819277108433735,0.016831720873254206,0.08888888888888889,0.044444444444444446
ビーフロスト,0.2033898305084746,0.1239477312905018,0.2894736842105263,0.10714285714285714
ビーマイナカヤマ,0.12,0.054693444456723396,0.14285714285714285,0.13953488372093023
ピサノデイラニ,0.15,0.04446484244557773,0.16666666666666666,0.2
ピツトカーン,0.20833333333333334,0.08980907509868714,0.25,0.18181818181818182
ピユウターグレイ,0.22580645161290322,0.11498689556973869,0.375,0.1111111111111111
ピルサドスキー,0.154296875,0.13612852868265407,0.15012106537530268,0.15960912052117263
ファインニードル,0.22507122507122507,0.18936299979876942,0.2753623188405797,0.15894039735099338
ファイヴナカヤマ,0.11428571428571428,0.07354868124346377,0.12162162162162163,0.1232876712328767
ファストトパーズ,0.20491803278688525,0.17559334921915928,0.19895287958115182,0.2029520295202952
ファスリエフ,0.20497362471740768,0.19221442781764603,0.0761904761904762,0.22735674676524953
ファルブラヴ,0.18659058487874466,0.17587066391348205,0.21201923076923077,0.15136298421807748
ファンタスティックライト,0.13561643835616438,0.12117129382365101,0.1446629213483146,0.13215258855585832
ファーガソン,0.21621621621621623,0.11567352066097641,0.2222222222222222,0.16666666666666666
ファーディナンド,0.1357615894039735,0.10481660531641555,0.109375,0.14285714285714285
フアストセンプウ,0.2222222222222222,0.046389263979611135,0.25,0.25
フアナテイコ,0.21875,0.11108877125926007,0.2222222222222222,0.23333333333333334
フアーストアモン,0.125,0.024225732468536623,0.2,0.15384615384615385
フィガロ,0.21686746987951808,0.18070882938945698,0.19047619047619047,0.24598930481283424
フィールドアスカ,0.22033898305084745,0.13797772060344513,0.20512820512820512,0.28
フィールドボンバー,0.28846153846153844,0.19084592879919893,0.2727272727272727,0.2916666666666667
フイデイオン,0.2,0.041023167506996534,0.2,0.2
フイリツプオブスペイン,0.2727272727272727,0.08726443391415033,0.25,0.3
フェアジャッジメント,0.22010869565217392,0.19544308307154332,0.27146814404432135,0.1813186813186813
フェデラリスト,0.3333333333333333,0.13507547291964123,0.3333333333333333,0.3333333333333333
フェノーメノ,0.15833333333333333,0.1404360473359748,0.14143426294820718,0.16468253968253968
フエートメーカー,0.1875,0.05684686759024681,0.2,0.23076923076923078
フォーティナイナー,0.2610887096774194,0.25177071610626456,0.16717325227963525,0.28857715430861725
フォーティナイナーズサン,0.15294117647058825,0.13764926990894183,0.09498680738786279,0.17809523809523808
フオテイテン,0.20511259890444308,0.1889381014349556,0.16666666666666666,0.23617511520737328
フサイチコンコルド,0.17742738589211618,0.16939374851157737,0.17395833333333333,0.17794068643785405
フサイチセブン,0.208,0.16722074171101622,0.15384615384615385,0.22439024390243903
フサイチソニック,0.16943866943866945,0.14995155432557145,0.1851179673321234,0.14986376021798364
フサイチブライアン,0.1111111111111111,0.06423562513023078,0.1111111111111111,0.11290322580645161
フサイチホウオー,0.17880794701986755,0.13019833594524757,0.1956521739130435,0.16666666666666666
フサイチリシャール,0.20033670033670034,0.1739295694571718,0.1310344827586207,0.2073732718894009
フサイチレオン,0.17647058823529413,0.08227530489017439,0.10526315789473684,0.2727272727272727
フジキセキ,0.2560348948374761,0.25050250039815075,0.2591328098327074,0.25282577627647135
フジノフウウン,0.2833333333333333,0.21803559397017114,0.24615384615384617,0.3225806451612903
フジヤマケンザン,0.1,0.019033120121624,0.18181818181818182,0.125
フラツシユオブステイール,0.20525451559934318,0.17891503097477923,0.1984732824427481,0.20376175548589343
フリオーソ,0.1657179000632511,0.15058462992649432,0.07100591715976332,0.18201595358955766
フレイズ,0.10779816513761468,0.08445809116482225,0.1076923076923077,0.11659192825112108
フレッシュボイス,0.1,0.019033120121624,0.18181818181818182,0.125
フレンチグローリー,0.23258003766478344,0.21155491720197675,0.25254237288135595,0.20575221238938052
フレンチデピュティ,0.24726526891522332,0.23972354471250792,0.24336569579288025,0.2507667328161645
ブライアンズタイム,0.27190487027765137,0.26639940956366354,0.24345212537569771,0.2902654867256637
ブライトフイニツシユ,0.14285714285714285,0.02805337732017585,0.25,0.15384615384615385
ブラウンシャトレー,0.2,0.041023167506996534,0.2,0.2
ブラックタイアフェアー,0.15212981744421908,0.14039606256327403,0.13259668508287292,0.17040673211781207
ブラックタイド,0.19353524378650006,0.1860102253027192,0.18049022035157217,0.20261657162026167
ブラックタキシード,0.17860600193610843,0.16492730620315776,0.14967462039045554,0.19245647969052224
ブラックホーク,0.18238665971860343,0.1680808053659779,0.1725,0.1828793774319066
ブラッシングジョン,0.14359861591695502,0.12034564169668038,0.11235955056179775,0.1532258064516129
ブラツクスキー,0.12949640287769784,0.08602925907168921,0.19642857142857142,0.08860759493670886
ブランコ,0.08,0.015011778763587415,0.11764705882352941,0.13333333333333333
ブラームス,0.26666666666666666,0.10404730759236569,0.2857142857142857,0.25
ブリックスアンドモルタル,0.2777777777777778,0.22165318007063703,0.24603174603174602,0.37209302325581395
ブリーズフレイバー,0.09523809523809523,0.018065203085418632,0.2222222222222222,0.125
ブルーファミリー,0.2,0.041023167506996534,0.2,0.2
ブレイクタイム,0.2,0.09415502607649036,0.2222222222222222,0.21052631578947367
ブレイクランアウト,0.15034965034965034,0.11708564965578339,0.1597222222222222,0.14788732394366197
ブレイヴエストローマン,0.2360655737704918,0.21838261626688338,0.1671309192200557,0.2541196877710321
ブロッコ,0.14786967418546365,0.11970921789983441,0.06451612903225806,0.1906474820143885
プライマリー2,0.13333333333333333,0.025999332600867814,0.14285714285714285,0.25
プラウドデボネア,0.24436090225563908,0.20221545276608272,0.0958904109589041,0.3
プリサイスエンド,0.19968584331435305,0.19054023623092067,0.12585812356979406,0.21609139523578028
プリンスオブバーズ,0.19458128078817735,0.1721778719954952,0.17251461988304093,0.20261437908496732
プルラリズム,0.2086021505376344,0.18705935305369858,0.19381443298969073,0.1968503937007874
プレイズネイチャ,0.1111111111111111,0.03219890462003194,0.14285714285714285,0.15
プレクラスニー,0.22950819672131148,0.1469293693006621,0.2765957446808511,0.1111111111111111
プレザント,0.09090909090909091,0.01719099663247961,0.18181818181818182,0.1111111111111111
プレシャスカフェ,0.1111111111111111,0.021317626921521112,0.15384615384615385,0.16666666666666666
プレジデントシチー,0.25,0.05337550047023718,0.25,0.25
プレストウコウ,0.16666666666666666,0.033319217684229845,0.2222222222222222,0.2
プレミアムサンダー,0.046511627906976744,0.008527059786551584,0.125,0.058823529411764705
ヘイセイシルバー,0.125,0.024225732468536623,0.18181818181818182,0.16666666666666666
ヘイルシャム,0.11578947368421053,0.06702890279730288,0.1568627450980392,0.09803921568627451
ヘクタープロテクター,0.21940853550557818,0.2104075578289548,0.21359546817727423,0.2277580071174377
ヘニーハウンド,0.21568627450980393,0.1523123633416676,0.13333333333333333,0.23404255319148937
ヘニーヒューズ,0.2781604915285794,0.26815149285846784,0.15008431703204048,0.2950957693117238
ヘネシー,0.25382262996941896,0.22628432329884865,0.2315270935960591,0.2736077481840194
ヘンリーバローズ,0.16666666666666666,0.04989815455742298,0.21428571428571427,0.18181818181818182
ベストウォーリア,0.12972972972972974,0.09159517363788071,0.06666666666666667,0.14814814814814814
ベストタイアップ,0.12297734627831715,0.09374031200836083,0.1415929203539823,0.1111111111111111
ベストブラツド,0.2222222222222222,0.12881282181497822,0.20833333333333334,0.25
ベリフア,0.14084507042253522,0.11759570857590176,0.12727272727272726,0.15771812080536912
ベルシャザール,0.17490494296577946,0.15796501065481097,0.128,0.1854043392504931
ベルマン,0.25,0.1637207048161829,0.21875,0.20689655172413793
ベーカバド,0.1805902951475738,0.16662533166496532,0.19733333333333333,0.1573170731707317
ペイザバトラー,0.1901840490797546,0.14201397533143278,0.2033898305084746,0.1891891891891892
ペキンリユウエン,0.25,0.05337550047023718,0.25,0.25
ペルジノ,0.18421052631578946,0.14891151064480973,0.125,0.22702702702702704
ペルセポリス2,0.11917098445595854,0.08327228001023287,0.12162162162162163,0.1016949152542373
ペルーサ,0.05970149253731343,0.02096441075209949,0.07407407407407407,0.0851063829787234
ペンシルプツシヤー,0.14285714285714285,0.052233240682168613,0.19047619047619047,0.14285714285714285
ペンタイア,0.1875,0.17332724515376355,0.1919104991394148,0.18395061728395062
ホイストザキング,0.11904761904761904,0.049303921754631254,0.17857142857142858,0.09523809523809523
ホクトフラツグ,0.22666666666666666,0.15198221200265882,0.2545454545454545,0.18518518518518517
ホクトヘリオス,0.0967741935483871,0.05726353087245564,0.14893617021276595,0.08955223880597014
ホスピタリテイ,0.2210144927536232,0.19257429571098741,0.2682926829268293,0.1945392491467577
ホッカイルソー,0.13333333333333333,0.025999332600867814,0.15384615384615385,0.2222222222222222
ホッコータルマエ,0.23440339188370685,0.2174438570102708,0.1111111111111111,0.2437745740498034
ホツトスパーク,0.12,0.03495333483371806,0.2222222222222222,0.13043478260869565
ホマレブルシヨワ,0.5714285714285714,0.3935848867569695,0.3,0.6111111111111112
ホリスキー,0.20897435897435898,0.1971103169230047,0.17237903225806453,0.2213072568193515
ホワイトストーン,0.15333333333333332,0.1078562178449838,0.1111111111111111,0.2
ホワイトマズル,0.21141737792080592,0.20351966353988662,0.21367960915402417,0.20404107320304737
ホークアタック,0.14566929133858267,0.11097844899768818,0.20161290322580644,0.10687022900763359
ホークスター,0.07960199004975124,0.050821717029926744,0.07228915662650602,0.09183673469387756
ホークビル,0.0625,0.021976162548108188,0.041666666666666664,0.17391304347826086
ホーン,0.2222222222222222,0.046389263979611135,0.25,0.2222222222222222
ボストンタイカン,0.1276595744680851,0.058360723098433494,0.1,0.17647058823529413
ボストンハーバー,0.18690934546727336,0.17504047828333547,0.17371937639198218,0.1945464079706345
ボーザム,0.19506172839506172,0.17260916545127397,0.20305676855895197,0.16314199395770393
ボーナスフィーバー,0.3,0.18811895950022667,0.2222222222222222,0.3157894736842105
ボールドカリバー,0.11428571428571428,0.04119952944789624,0.1111111111111111,0.16666666666666666
ボールドノースマン,0.24,0.20758635029744518,0.22535211267605634,0.24104234527687296
ボールドマン,0.35714285714285715,0.16565942671507178,0.2222222222222222,0.4166666666666667
ボーンキング,0.0967741935483871,0.07075050150996183,0.07734806629834254,0.1592920353982301
ポアゾンブラック,0.1935483870967742,0.09087405970502127,0.18181818181818182,0.2222222222222222
ポツトナポレオン,0.2222222222222222,0.046389263979611135,0.25,0.25
ポリッシュネイビー,0.21595184349134688,0.1976382341819825,0.11658031088082901,0.23493975903614459
ポリッシュパトリオット,0.18591549295774648,0.16242825641373262,0.17343173431734318,0.1917808219178082
マイシンザン,0.10526315789473684,0.054193366397719295,0.16,0.06060606060606061
マイニング,0.20121951219512196,0.1805574591911651,0.16607773851590105,0.22271386430678466
マイネルグラウベン,0.125,0.024225732468536623,0.14285714285714285,0.2222222222222222
マイネルスマイル,0.13333333333333333,0.025999332600867814,0.13333333333333333,0.13333333333333333
マイネルセレクト,0.176056338028169,0.1565719641343562,0.07092198581560284,0.19572953736654805
マイネルプラチナム,0.15384615384615385,0.07107138201019697,0.14285714285714285,0.2
マイネルプリンス,0.16666666666666666,0.033319217684229845,0.2222222222222222,0.2
マイネルマックス,0.18867924528301888,0.12995224649481965,0.1875,0.2222222222222222
マイネルラヴ,0.18788163457022075,0.1798985928405594,0.19059035061432425,0.18343815513626835
マイヨジョンヌ,0.1,0.019033120121624,0.16666666666666666,0.13333333333333333
マインドユアビスケッツ,0.2048780487804878,0.17868334845486716,0.18333333333333332,0.2149321266968326
マキシムトライ,0.08,0.015011778763587415,0.13333333333333333,0.11764705882352941
マクフィ,0.2192134107027724,0.20214741174559528,0.24394785847299813,0.20696517412935322
マクマホン,0.1,0.04107586172111183,0.11627906976744186,0.14285714285714285
マグニカチドキ,0.23529411764705882,0.0902524330304275,0.3333333333333333,0.2
マグニテユード,0.25387365911799764,0.2295094194413381,0.251131221719457,0.24598930481283424
マコトスパルビエロ,0.11320754716981132,0.051460069079688725,0.16666666666666666,0.11904761904761904
マサラッキ,0.2222222222222222,0.046389263979611135,0.25,0.25
マジェスティック,0.2619047619047619,0.15833537117652866,0.2222222222222222,0.3181818181818182
マジェスティックウォリアー,0.22652689152233363,0.21197374407935643,0.1345646437994723,0.24441964285714285
マジックマイルズ,0.2077338129496403,0.18803412049129933,0.146875,0.23293172690763053
マジツクミラー,0.28174603174603174,0.23622068776270358,0.2465753424657534,0.2956989247311828
マジンプロスパー,0.2,0.041023167506996534,0.2,0.2
マスクゾロ,0.11428571428571428,0.04119952944789624,0.2,0.125
マタボーイ,0.14705882352941177,0.061658473002256804,0.2,0.16129032258064516
マチカネアレグロ,0.047619047619047616,0.008736717389512755,0.08333333333333333,0.08
マチカネイワシミズ,0.2,0.06110292885897761,0.2222222222222222,0.16666666666666666
マチカネキンノホシ,0.1774193548387097,0.10454921099544019,0.15789473684210525,0.20833333333333334
マチカネタンホイザ,0.18811881188118812,0.14481246995288755,0.22608695652173913,0.15555555555555556
マチカネフクキタル,0.12244897959183673,0.07295870463317515,0.08163265306122448,0.10204081632653061
マックロウ,0.13333333333333333,0.025999332600867814,0.15384615384615385,0.2222222222222222
マツチレススピード,0.2222222222222222,0.10559644892751713,0.14285714285714285,0.3157894736842105
マツノテンザン,0.3333333333333333,0.1111127066076292,0.25,0.375
マツリダゴッホ,0.16076957098628925,0.15187181143753276,0.1706298200514139,0.1214868540344515
マニラザルーラー,0.0975609756097561,0.03488485387651704,0.15384615384615385,0.11428571428571428
マヤノトップガン,0.18491991144680298,0.17767996634716807,0.17750257997936017,0.18694784838985465
マラキム,0.24553571428571427,0.2127789046544538,0.2822966507177033,0.21074380165289255
マリエンバード,0.14078947368421052,0.12639353710037868,0.14615384615384616,0.13814180929095354
マルカシェンク,0.12234042553191489,0.08553907681481229,0.07017543859649122,0.15217391304347827
マルカダイシス,0.11235955056179775,0.06296291316485193,0.1111111111111111,0.16666666666666666
マルゼンスキー,0.22152811148486304,0.20671127838833642,0.2213209733487833,0.22418358340688438
マルゼンスター,0.20270270270270271,0.13113943942089729,0.13636363636363635,0.23728813559322035
マルタカトウコウ,0.16129032258064516,0.06805557358038451,0.16129032258064516,0.16129032258064516
マルターズライオン,0.15606936416184972,0.11317263453439257,0.13333333333333333,0.16363636363636364
マルブツサーペン,0.29545454545454547,0.18900882145510087,0.3333333333333333,0.28205128205128205
マルブツセカイオー,0.20967741935483872,0.13091574005226028,0.13333333333333333,0.24074074074074073
マンオブビイジヨン,0.2222222222222222,0.046389263979611135,0.25,0.25
マンジュデンカブト,0.23809523809523808,0.1657726527014393,0.2,0.24691358024691357
マンハッタンカフェ,0.2448614834673816,0.23877963093983098,0.24353212680675332,0.24455958549222798
マンハッタンスカイ,0.13333333333333333,0.025999332600867814,0.16666666666666666,0.2
マンボノテイオー,0.18181818181818182,0.06780647293683403,0.25,0.19047619047619047
マークオブディスティンクション,0.2502274795268426,0.2290062458319113,0.2508250825082508,0.24273858921161826
マーベラスサンデー,0.20820102167610105,0.20040032130914326,0.1953855140186916,0.21026097271648872
ミオロベルティーノ,0.1179245283018868,0.0837291319937755,0.18181818181818182,0.09655172413793103
ミキノバンジョー,0.1111111111111111,0.039992886167040366,0.08695652173913043,0.2
ミクニノホマレ,0.26666666666666666,0.10404730759236569,0.375,0.21428571428571427
ミシエロ,0.16770186335403728,0.14410364815844579,0.15384615384615385,0.16095890410958905
ミシックトライブ,0.1751592356687898,0.1411410613095826,0.13186813186813187,0.19642857142857142
ミシル,0.17136539524599226,0.15700528506197858,0.14195979899497488,0.19745222929936307
ミスキャスト,0.15025906735751296,0.11020927176167022,0.1926605504587156,0.11494252873563218
ミスズシャルダン,0.22077922077922077,0.14782520855988246,0.24285714285714285,0.14285714285714285
ミスターアダムス,0.13636363636363635,0.040099536297474425,0.18181818181818182,0.16666666666666666
ミスターシクレノン,0.1267605633802817,0.06874299100089078,0.10638297872340426,0.1935483870967742
ミスターシービー,0.21661237785016288,0.2010054723929898,0.19474835886214442,0.22393364928909953
ミスターダンデイ,0.18181818181818182,0.03677143788746509,0.2,0.25
ミスタートウジン,0.16666666666666666,0.033319217684229845,0.25,0.18181818181818182
ミスターホーショー,0.07407407407407407,0.013842048212614609,0.15384615384615385,0.09523809523809523
ミスタールマン,0.1951219512195122,0.103606055427801,0.30434782608695654,0.12
ミスターローレル,0.25,0.05337550047023718,0.25,0.25
ミスティックスター,0.12903225806451613,0.046854826914600675,0.2222222222222222,0.13793103448275862
ミッキーアイル,0.2496732026143791,0.23166536781107536,0.24936708860759493,0.25237449118046135
ミッキーグローリー,0.13157894736842105,0.05479283699366177,0.09375,0.3076923076923077
ミッキーロケット,0.19111111111111112,0.14969837936011618,0.2138364779874214,0.1506849315068493
ミッドナイトベット,0.32142857142857145,0.1862198556743343,0.2222222222222222,0.34615384615384615
ミツアキサイレンス,0.18181818181818182,0.03677143788746509,0.25,0.2
ミナガワビクトリー,0.4,0.2589444436342179,0.25,0.41379310344827586
ミナガワマンナ,0.16216216216216217,0.07516516931350613,0.2,0.14285714285714285
ミナラ,0.21505376344086022,0.1758525873739867,0.21875,0.22043010752688172
ミホシンザン,0.18385650224215247,0.1679677127785357,0.15706051873198848,0.2077922077922078
ミホノブルボン,0.18315508021390375,0.16039771286818155,0.1624203821656051,0.1873536299765808
ミホノワカバ,0.07692307692307693,0.014403197979173658,0.2,0.08695652173913043
ミヤシロオー,0.2857142857142857,0.11266578079028225,0.2857142857142857,0.2857142857142857
ミュゼスルタン,0.12790697674418605,0.07429902070964052,0.16666666666666666,0.12280701754385964
ミュージックタイム,0.16257088846880907,0.1369505035039377,0.08522727272727272,0.20461095100864554
ミユゲロワイヤル,0.28434504792332266,0.24326131866340803,0.21052631578947367,0.32142857142857145
ミラクルアドマイヤ,0.12710765239948119,0.10795218345037329,0.15046296296296297,0.10542168674698796
ミラーズメイト,0.13127413127413126,0.09851192612577518,0.1232876712328767,0.16071428571428573
ミリオンディスク,0.1836734693877551,0.12350756148738957,0.13636363636363635,0.20481927710843373
ミルグロリー,0.171875,0.10111717389044621,0.20833333333333334,0.15555555555555556
ミルコウジ,0.11764705882352941,0.05357140284013067,0.1111111111111111,0.15384615384615385
ミルジヨージ,0.22013651877133106,0.20406904459973405,0.2,0.23777019340159272
ミルフオード,0.17567567567567569,0.14892693499296106,0.23076923076923078,0.1111111111111111
ミレニアムバイオ,0.07086614173228346,0.03776651075659079,0.14754098360655737,0.03125
ムガムチュウ,0.2,0.041023167506996534,0.2,0.2
ムクター,0.10384615384615385,0.07460754405121574,0.13924050632911392,0.06422018348623854
ムタファーウエク,0.16694772344013492,0.14243108889441206,0.20681265206812652,0.06289308176100629
ムッシュシェクル,0.10714285714285714,0.03097839323403543,0.125,0.15789473684210525
ムービースター,0.15695067264573992,0.11878847219365754,0.1746031746031746,0.14423076923076922
ムーンバラッド,0.15925394548063126,0.1434213518271183,0.15396825396825398,0.153737658674189
ムーンマツドネス,0.22105263157894736,0.17337628069776198,0.22972972972972974,0.1834862385321101
ムーンライトパレス,0.11578947368421053,0.06702890279730288,0.12121212121212122,0.14285714285714285
メイショウエイカン,0.06818181818181818,0.019284897326644526,0.08,0.11538461538461539
メイショウオウドウ,0.1833508956796628,0.16893676702262783,0.1934005499541705,0.15641711229946523
メイショウサムソン,0.1928303655107779,0.18298076293291418,0.20221729490022172,0.1706392199349946
メイショウドトウ,0.1463235294117647,0.13086594607029697,0.1584553928095872,0.12730627306273062
メイショウホウオウ,0.10416666666666667,0.04286406761331609,0.2,0.1111111111111111
メイショウホムラ,0.16483516483516483,0.12940658765687207,0.1875,0.15816326530612246
メイショウボーラー,0.1626406353408339,0.15489724820946793,0.12357217030114226,0.17484342379958245
メイシヨウキング,0.16666666666666666,0.033319217684229845,0.16666666666666666,0.16666666666666666
メイセイオペラ,0.10655737704918032,0.06473074281203603,0.10344827586206896,0.125
メイワパツサー,0.25949367088607594,0.2040743177008482,0.15384615384615385,0.3
メガスターダム,0.1,0.028795509098721698,0.15789473684210525,0.1111111111111111
メジロアルダン,0.20987654320987653,0.1802141414668064,0.2037037037037037,0.19383259911894274
メジロイーグル,0.16666666666666666,0.07049392284132051,0.16666666666666666,0.2222222222222222
メジロエスパーダ,0.29411764705882354,0.13211096575490608,0.2222222222222222,0.3333333333333333
メジロエドワーズ,0.10588235294117647,0.05704369229894646,0.09090909090909091,0.13559322033898305
メジロダイボサツ,0.19047619047619047,0.10097332379316575,0.15384615384615385,0.18181818181818182
メジロテイターン,0.18666666666666668,0.15729575862126427,0.2078853046594982,0.1411042944785276
メジロディザイヤー,0.11827956989247312,0.08189550515050162,0.12087912087912088,0.13414634146341464
メジロデユレン,0.13793103448275862,0.08253110498427886,0.16393442622950818,0.12121212121212122
メジロパーマー,0.18487394957983194,0.1297250483023007,0.208955223880597,0.08823529411764706
メジロブライト,0.14617169373549885,0.1191743784190005,0.1717171717171717,0.10071942446043165
メジロベイリー,0.19771863117870722,0.16984647716669798,0.19375,0.20418848167539266
メジロマックイーン,0.19424151267726686,0.18477901411773415,0.18623655913978496,0.19865642994241842
メジロモンスニー,0.1,0.04107586172111183,0.07142857142857142,0.13636363636363635
メジロライアン,0.20037079292641186,0.1925575300807028,0.21063089915548933,0.18161683277962348
メジロルイス,0.15,0.04446484244557773,0.15384615384615385,0.21428571428571427
メリージョージ,0.18518518518518517,0.10609738322611259,0.16216216216216217,0.25
メリーナイス,0.17627677100494235,0.1514756059616539,0.1806020066889632,0.1757188498402556
メンデス,0.17574257425742573,0.15419638372669722,0.17819148936170212,0.16831683168316833
モエレプルトス,0.06060606060606061,0.011219494363880114,0.13333333333333333,0.08
モエレヴァチャス,0.25,0.05337550047023718,0.25,0.25
モガミ,0.20216267042783262,0.18800298835404652,0.13692946058091288,0.22844827586206898
モガミショーウン,0.15517241379310345,0.10367485859578077,0.14285714285714285,0.19607843137254902
モガミチャンピオン,0.17391304347826086,0.12383408633940565,0.1694915254237288,0.19047619047619047
モガミプレジデント,0.22857142857142856,0.12282976558880637,0.25,0.2222222222222222
モガミヤシマ,0.23255813953488372,0.1352515034770192,0.2222222222222222,0.18181818181818182
モガンボ,0.208298755186722,0.1893425060982057,0.11504424778761062,0.23833543505674654
モブワカコマ,0.15384615384615385,0.030460165659137187,0.15384615384615385,0.15384615384615385
モルフェサイレンス,0.2222222222222222,0.046389263979611135,0.25,0.25
モルフェデスペクタ,0.12222222222222222,0.07088199074007812,0.10344827586206896,0.15151515151515152
モンテジヤパン,0.07894736842105263,0.022464520430583012,0.1,0.13333333333333333
モンテプリンス,0.22727272727272727,0.1578579708405166,0.24242424242424243,0.20689655172413793
モンテロッソ,0.16015625,0.14502397923998966,0.1795252225519288,0.13642052565707133
モーストリヘロー,0.2222222222222222,0.046389263979611135,0.25,0.25
モーニン,0.20270270270270271,0.13113943942089729,0.19047619047619047,0.21666666666666667
モーニングフローリツク,0.24025974025974026,0.18577563568828054,0.27058823529411763,0.08888888888888889
モーリス,0.2650975534221121,0.2524060320833712,0.28285968028419184,0.22560335781741866
ヤエノダイヤ,0.1935483870967742,0.14795932162838057,0.20202020202020202,0.19148936170212766
ヤエノムテキ,0.21022067363530778,0.18778019521872397,0.1348314606741573,0.24283305227655985
ヤクモデザイヤー,0.25,0.05337550047023718,0.25,0.25
ヤシマジャパン,0.15384615384615385,0.030460165659137187,0.2,0.2
ヤシマソブリン,0.23076923076923078,0.07187025554226983,0.23076923076923078,0.23076923076923078
ヤマカツエース,0.1761006289308176,0.12897564239936518,0.17582417582417584,0.18666666666666668
ヤマニン,0.14473684210526316,0.08448198478567912,0.18181818181818182,0.1320754716981132
ヤマニンエンブレム,0.2222222222222222,0.046389263979611135,0.2222222222222222,0.2222222222222222
ヤマニングローバル,0.2,0.1063800448764146,0.13333333333333333,0.25
ヤマニンケイ,0.38636363636363635,0.26984294113602975,0.34615384615384615,0.4
ヤマニンスキー,0.20141570141570142,0.1849073192526489,0.17971014492753623,0.22342995169082125
ヤマニンスペキユラ,0.15384615384615385,0.030460165659137187,0.2,0.2
ヤマニンセクレ,0.1,0.019033120121624,0.13333333333333333,0.16666666666666666
ヤマニンセラフィム,0.18618618618618618,0.16193971474462887,0.20680628272251309,0.15808823529411764
ヤマニンゼファー,0.1745339151130504,0.16225000473265608,0.14838129496402877,0.1960497439648866
ヤマニンボールド,0.12903225806451613,0.08332448715447473,0.1323529411764706,0.14285714285714285
ヤマニンリスペクト,0.11864406779661017,0.07381067198920375,0.058823529411764705,0.1625
ヤワ,0.18461538461538463,0.11190811350038393,0.1875,0.12121212121212122
ヤングマンパワー,0.5,0.31082956947824036,0.46153846153846156,0.4166666666666667
ヤングラツキー,0.36363636363636365,0.15002824080667998,0.3333333333333333,0.3333333333333333
ユアーズトゥルーリ,0.10526315789473684,0.020110675876131676,0.25,0.1111111111111111
ユウキサンデー,0.15384615384615385,0.08729491370574645,0.2,0.15384615384615385
ユウセンショウ,0.2222222222222222,0.046389263979611135,0.2222222222222222,0.2222222222222222
ユウトウセイ,0.22784810126582278,0.1547801794400439,0.19444444444444445,0.2608695652173913
ユメノセテコウユー,0.09523809523809523,0.018065203085418632,0.13333333333333333,0.15384615384615385
ユートカイザー,0.09803921568627451,0.04023659040211457,0.14285714285714285,0.11363636363636363
ユーワジェームス,0.1,0.019033120121624,0.16666666666666666,0.13333333333333333
ユーワジャック,0.1,0.019033120121624,0.11764705882352941,0.2
ユーワファルコン,0.16666666666666666,0.07049392284132051,0.19230769230769232,0.18181818181818182
ユーワフォルテ,0.09090909090909091,0.03240199401312697,0.11764705882352941,0.11764705882352941
ヨシノエデン,0.2222222222222222,0.046389263979611135,0.2222222222222222,0.2222222222222222
ヨシノスキー,0.36363636363636365,0.15002824080667998,0.36363636363636365,0.36363636363636365
ヨハネスブルグ,0.20824295010845986,0.196590879781691,0.18332184700206755,0.23231742380678552
ライフタテヤマ,0.2,0.06110292885897761,0.2,0.25
ライブリマウント,0.09302325581395349,0.059572617236577224,0.1702127659574468,0.06557377049180328
ライブリーラーク,0.25,0.09665833399195689,0.3333333333333333,0.18181818181818182
ライブリーワン,0.1456953642384106,0.12513507767206994,0.11851851851851852,0.16666666666666666
ライラリツジ,0.24342105263157895,0.1883162477527184,0.18461538461538463,0.2619047619047619
ラガーレグルス,0.2,0.12704072144708836,0.08695652173913043,0.2641509433962264
ラグビーボール,0.2006825938566553,0.18371144197221181,0.15435139573070608,0.2230769230769231
ラシアンゴールド,0.21705426356589147,0.1601565807265133,0.2,0.22807017543859648
ラシアンボンド,0.18901303538175046,0.1697050082473105,0.1649214659685864,0.2042042042042042
ラシアンルーブル,0.22146274777853725,0.20383066354828625,0.17555555555555555,0.25026511134676566
ラジヤマハール,0.15,0.04446484244557773,0.25,0.15789473684210525
ラスカルスズカ,0.15202702702702703,0.128458893654412,0.17197452229299362,0.11210762331838565
ラストタイクーン,0.1966141966141966,0.18545287716600062,0.2157303370786517,0.14616193480546794
ラツキーキヤスト,0.2727272727272727,0.1696100118584354,0.2682926829268293,0.3
ラツキーソブリン,0.20844564240790656,0.18872867445241093,0.2134387351778656,0.1935483870967742
ラニ,0.20253164556962025,0.1701859920286458,0.07272727272727272,0.22740524781341107
ラブイズブーシェ,0.14634146341463414,0.06740094052270874,0.08333333333333333,0.25
ラブリーデイ,0.17817561807331628,0.16012191054515926,0.19152854511970535,0.15849673202614378
ラプシイ,0.14285714285714285,0.04216940788577861,0.15789473684210525,0.2222222222222222
ラムタラ,0.19907632474477394,0.1889212258763318,0.20283234353586113,0.18976897689768976
ランズダーン,0.21413276231263384,0.18364967306436825,0.18125,0.2347266881028939
ランドショウザン,0.22727272727272727,0.14796124381189837,0.17647058823529413,0.28205128205128205
ランドヒリュウ,0.21300448430493274,0.18189513889386322,0.1940928270042194,0.22705314009661837
ランニングフリー,0.14393939393939395,0.09710629639009133,0.19696969696969696,0.11428571428571428
ランフォーエバー,0.3333333333333333,0.24341318377741453,0.3442622950819672,0.26666666666666666
リアルインパクト,0.20078999341672152,0.1841153828483236,0.20486555697823303,0.19618528610354224
リアルシヤダイ,0.23724334214271192,0.22732880297348276,0.2418188081295212,0.22133333333333333
リアルスティール,0.32474964234620884,0.2959217986455124,0.3116591928251121,0.34615384615384615
リアルボーイ,0.16,0.05900834386487541,0.13333333333333333,0.23529411764705882
リオンディーズ,0.2401541095890411,0.2257465674077183,0.25388198757763975,0.22330097087378642
リキアイオー,0.25,0.15058045613856946,0.13043478260869565,0.35714285714285715
リキアイサイレンス,0.2361111111111111,0.15867658828129153,0.23076923076923078,0.24528301886792453
リキアイワカタカ,0.24358974358974358,0.18915107762063366,0.2826086956521739,0.23076923076923078
リキサンパワー,0.16666666666666666,0.033319217684229845,0.16666666666666666,0.16666666666666666
リキタイコー,0.125,0.024225732468536623,0.16666666666666666,0.18181818181818182
リズム,0.23563521349499209,0.21977143904148602,0.18935643564356436,0.2469758064516129
リッカバクシンオ,0.06451612903225806,0.011975800965209107,0.1111111111111111,0.1
リッカロイヤル,0.13793103448275862,0.050308172220812734,0.19047619047619047,0.13333333333333333
リッチーリッチー,0.36363636363636365,0.15002824080667998,0.25,0.4
リドヘイム,0.18627450980392157,0.16100275149954626,0.14227642276422764,0.18787878787878787
リファーズウィッシュ,0.21203007518796993,0.18647703090054057,0.19943019943019943,0.20833333333333334
リフアーズゴースト,0.2702702702702703,0.1591291504679977,0.2962962962962963,0.23529411764705882
リフアーズスペシヤル,0.1898989898989899,0.16165714824875302,0.20353982300884957,0.1703056768558952
リヤンドファミユ,0.2636363636363636,0.19734404993645024,0.2926829268292683,0.2608695652173913
リユウズイシヨウ,0.22131147540983606,0.162422615190837,0.16326530612244897,0.2625
リンカーン,0.14130434782608695,0.12877615013339921,0.1588089330024814,0.1111111111111111
リンデンパッション,0.13333333333333333,0.025999332600867814,0.16666666666666666,0.2
リンドシェーバー,0.20934686841601227,0.20014996036505311,0.18244575936883628,0.22536136662286466
リンバアダンサー,0.16666666666666666,0.033319217684229845,0.25,0.18181818181818182
リヴリア,0.21283255086071987,0.19426509291950605,0.22950819672131148,0.1503957783641161
リーガルステツプ,0.14285714285714285,0.02805337732017585,0.2,0.18181818181818182
リージェントブラフ,0.16666666666666666,0.033319217684229845,0.16666666666666666,0.16666666666666666
リーチ,0.17933130699088146,0.1457321777286025,0.14414414414414414,0.18994413407821228
リーチザクラウン,0.16085790884718498,0.14547993303152026,0.15114873035066506,0.16493055555555555
リードホーユー,0.2,0.06110292885897761,0.21428571428571427,0.25
リードワンダー,0.16790736145574855,0.15054938255211053,0.14738805970149255,0.18351477449455678
リーフアーマツドネス,0.25,0.16857993160600088,0.3,0.16
リーフグレイド,0.1509433962264151,0.07892272447490889,0.10714285714285714,0.22580645161290322
ルイテイト,0.2,0.041023167506996534,0.2222222222222222,0.25
ルイボスゴールド,0.25,0.05337550047023718,0.25,0.25
ルイヴイルサミツト,0.25,0.19044323527384388,0.2608695652173913,0.17647058823529413
ルション,0.1833489242282507,0.16423257356346874,0.20677361853832443,0.15010570824524314
ルゼル,0.09302325581395349,0.033189374224184665,0.13043478260869565,0.11538461538461539
ルックスザットキル,0.18181818181818182,0.03677143788746509,0.25,0.2
ルースリンド,0.14285714285714285,0.04216940788577861,0.15384615384615385,0.2
ルーブルアクト,0.14285714285714285,0.04216940788577861,0.15,0.25
ルーラーシップ,0.24766302511544092,0.24016086233886902,0.2621580547112462,0.22034900916888495
ルールオブロー,0.14915254237288136,0.12992640220150553,0.18085106382978725,0.11970074812967581
レイクコモ,0.08176100628930817,0.04935359386714696,0.10256410256410256,0.08045977011494253
レイザーレイン,0.1323529411764706,0.07190355108722743,0.10714285714285714,0.17777777777777778
レイデオロ,0.2905405405405405,0.2309890375773105,0.2727272727272727,0.35294117647058826
レインボーアンバー,0.2413793103448276,0.1236687094841518,0.2631578947368421,0.23529411764705882
レインボーライン,0.09375,0.04229356482593714,0.075,0.13793103448275862
レオアクティブ,0.3076923076923077,0.12285066324360105,0.3076923076923077,0.3076923076923077
レオダーバン,0.15463917525773196,0.130699082547103,0.1522633744855967,0.1572700296735905
レオテンザン,0.19444444444444445,0.09782836842691164,0.2,0.23076923076923078
レオリュウホウ,0.09090909090909091,0.01719099663247961,0.16666666666666666,0.11764705882352941
レオンプライド,0.2711864406779661,0.20639814439274148,0.36923076923076925,0.16666666666666666
レガーロ,0.42857142857142855,0.22395539421131921,0.25,0.46153846153846156
レギュラーメンバー,0.0893854748603352,0.057195342965433923,0.09523809523809523,0.09917355371900827
レコーダー2,0.15384615384615385,0.030460165659137187,0.2222222222222222,0.18181818181818182
レザームーン,0.25,0.05337550047023718,0.25,0.25
レシテイシヨン,0.2631578947368421,0.2026511271432814,0.09523809523809523,0.29411764705882354
レジエンドテイオー,0.18928571428571428,0.16272371330272098,0.17708333333333334,0.20056497175141244
レッツゴーターキン,0.10526315789473684,0.020110675876131676,0.13333333333333333,0.18181818181818182
レッツチャレンジ,0.0625,0.011585315861443594,0.11764705882352941,0.13333333333333333
レッドスパーダ,0.2040133779264214,0.16689506561076023,0.24686192468619247,0.05970149253731343
レッドファルクス,0.17091836734693877,0.14066331398101328,0.155,0.1919191919191919
レーヴミストラル,0.125,0.07933004565922691,0.08695652173913043,0.16049382716049382
ロイヤルアカデミー2,0.23760092272202998,0.21418621393913262,0.2324455205811138,0.24553571428571427
ロイヤルウエスト,0.14285714285714285,0.08078911402075749,0.1111111111111111,0.1694915254237288
ロイヤルコーチ,0.2,0.0752938165688757,0.26666666666666666,0.16666666666666666
ロイヤルスキー,0.16666666666666666,0.13810686533009914,0.19900497512437812,0.13452914798206278
ロイヤルスズカ,0.23776223776223776,0.18154605406959864,0.22608695652173913,0.2727272727272727
ロイヤルタッチ,0.13904761904761906,0.12189120143034456,0.11655011655011654,0.16267123287671234
ロイヤルトルーン,0.17647058823529413,0.14095798110668065,0.09375,0.21363636363636362
ロイヤルニジンスキー,0.19491525423728814,0.1382418742479731,0.23728813559322035,0.12903225806451613
ロイヤルノーザン2,0.15384615384615385,0.030460165659137187,0.2222222222222222,0.18181818181818182
ロゴタイプ,0.16636851520572452,0.1411764683784308,0.16666666666666666,0.168
ロサード,0.15354330708661418,0.11801579037532306,0.1695906432748538,0.13953488372093023
ロジャーバローズ,0.2898550724637681,0.20419251521204393,0.32608695652173914,0.23333333333333334
ロジユニヴァース,0.2036613272311213,0.172795122932966,0.2,0.21363636363636362
ロジンスキー,0.09090909090909091,0.026043046048517603,0.17647058823529413,0.08695652173913043
ロックオブジブラルタル,0.206266318537859,0.1826766514927852,0.2242152466367713,0.178125
ロッコウオロシ,0.09734513274336283,0.056059783463735,0.06557377049180328,0.16363636363636364
ロツキータイガー,0.13333333333333333,0.048520077141429176,0.2,0.14814814814814814
ロドリゴデトリアーノ,0.1895131086142322,0.1794167609170199,0.2145041502839668,0.15558343789209536
ロバリアアモン,0.1893939393939394,0.13629012058592221,0.08695652173913043,0.21929824561403508
ロビンソンシチー,0.11764705882352941,0.022678782722445716,0.2222222222222222,0.13333333333333333
ロングニュートリノ,0.10666666666666667,0.05494168767274819,0.1388888888888889,0.10869565217391304
ロングハヤブサ,0.26666666666666666,0.10404730759236569,0.26666666666666666,0.26666666666666666
ロングミツク,0.16666666666666666,0.08297930309237617,0.14814814814814814,0.22727272727272727
ロングリート,0.18518518518518517,0.14078874760504967,0.13953488372093023,0.18681318681318682
ローエングリン,0.17352941176470588,0.16172551829710627,0.18802462227196418,0.150609080841639
ロージズインメイ,0.19585217526898488,0.1877556667653247,0.17890625,0.20293873024674244
ローズキングダム,0.18309859154929578,0.16256718727866482,0.18504672897196262,0.1638888888888889
ローズリーフ2,0.22631578947368422,0.17818984973250931,0.24475524475524477,0.18518518518518517
ローゼンカバリー,0.10975609756097561,0.05920257521726151,0.1509433962264151,0.08333333333333333
ローゼンガバナー,0.1875,0.08781446714324877,0.26666666666666666,0.16666666666666666
ローゼンタイム,0.25,0.05337550047023718,0.25,0.25
ローゼンホーマ,0.15384615384615385,0.030460165659137187,0.25,0.16666666666666666
ロードアヘッド,0.16666666666666666,0.04989815455742298,0.3333333333333333,0.125
ロードアルティマ,0.19692737430167598,0.17298732669921343,0.19504643962848298,0.1949367088607595
ロードカナロア,0.27165523156089194,0.2641080288290891,0.28486293206197855,0.24962941002075303
ロードザキヤノンズ,0.10784313725490197,0.06228888963420838,0.11764705882352941,0.1206896551724138
ロードバリオス,0.1568627450980392,0.0821850617385606,0.08571428571428572,0.30434782608695654
ロードメイプル,0.16901408450704225,0.10200319411356482,0.2,0.16981132075471697
ローマンエンパイア,0.21052631578947367,0.112399968555299,0.15384615384615385,0.25
ローマンプリンス,0.20588235294117646,0.10403677814474449,0.1111111111111111,0.30434782608695654
ローレルゲレイロ,0.14144271570014144,0.12049079626799346,0.13479623824451412,0.14745308310991956
ワイズカウンセラー,0.12643678160919541,0.08768425158891179,0.15841584158415842,0.07352941176470588
ワイルドブラスター,0.12941176470588237,0.0752054212042743,0.09090909090909091,0.15714285714285714
ワイルドラッシュ,0.20854954287126268,0.1981286378822525,0.11890243902439024,0.22736842105263158
ワイルドワンダー,0.3356643356643357,0.27224196350075663,0.2,0.34814814814814815
ワカオライデン,0.19632606199770378,0.17460215323873818,0.10303030303030303,0.21613832853025935
ワシントンカラー,0.2222222222222222,0.1361598161012034,0.125,0.26666666666666666
ワシントンパイザー,0.2727272727272727,0.08726443391415033,0.2727272727272727,0.2727272727272727
ワツスル,0.25996204933586337,0.22908728977907752,0.24817518248175183,0.27459016393442626
ワツスルタツチ,0.191869918699187,0.17369768610785957,0.18699186991869918,0.19549929676511954
ワレンダー,0.109375,0.06788746835386351,0.14754098360655737,0.09859154929577464
ワンアンドオンリー,0.3076923076923077,0.2357278197520489,0.20967741935483872,0.4634146341463415
ワンダーアキュート,0.18571428571428572,0.1344987070678481,0.2222222222222222,0.2222222222222222
ワンダースピード,0.08823529411764706,0.03972096642982782,0.125,0.0851063829787234
ワンダービクトリー,0.2857142857142857,0.11266578079028225,0.2857142857142857,0.18181818181818182
ワークフォース,0.17704918032786884,0.16580374138411474,0.18924050632911393,0.15119760479041916
ワージブ,0.13711583924349882,0.11064501115190627,0.14009661835748793,0.1497584541062802
ワールドエース,0.16541822721598,0.1503940976145227,0.17888888888888888,0.1459227467811159
ワールドスローン,0.14457831325301204,0.08666655079868084,0.09375,0.14893617021276595
ヴァレンティ,0.13513513513513514,0.05636166797528034,0.13636363636363635,0.18181818181818182
ヴァンキッシュラン,0.2361111111111111,0.15867658828129153,0.22388059701492538,0.3333333333333333
ヴァンセンヌ,0.19738988580750408,0.17153878256423524,0.19786096256684493,0.18695652173913044
ヴァーミリアン,0.19484020023103582,0.18219317811154534,0.11134020618556702,0.21648460774577954
ヴアリイフオージユ,0.28,0.1456864802880364,0.30434782608695654,0.2222222222222222
ヴィクトリー,0.12631578947368421,0.07534179315441027,0.11666666666666667,0.11428571428571428
ヴィクトリースピーチ,0.15163147792706333,0.12658957741050786,0.14136125654450263,0.16393442622950818
ヴィクトワールピサ,0.2064836986553693,0.19751005554863935,0.22540620384047266,0.17320427916454406
ヴィジョン,0.15725806451612903,0.12093791155143986,0.15873015873015872,0.16260162601626016
ヴィットリオドーロ,0.14634146341463414,0.06740094052270874,0.3333333333333333,0.1282051282051282
ヴイテイージ,0.1388888888888889,0.058023072711831956,0.14285714285714285,0.2
ヴリル,0.10465116279069768,0.06914768548614117,0.06172839506172839,0.16049382716049382
_GLOBAL_PRIOR_,0.2857142857142857,0.06284989170835438,0.2857142857142857,0.2857142857142857
